column,recommended,results-survey564757_remids_translated.csv,results-survey585676.csv,results-survey798916_remids_translated.csv,results-survey191355.csv,results-survey518972.csv,results-survey415148.csv
AgeChild,datetime,,,,datetime,,
AgeFiller,datetime,,,,datetime,,
age,datetime,datetime,datetime,datetime,,,
datestamp,datetime,datetime,datetime,datetime,datetime,datetime,datetime
startdate,datetime,datetime,datetime,datetime,datetime,datetime,datetime
submitdate,datetime,datetime,datetime,datetime,datetime,datetime,datetime
agecalc,double,,,double,,,
groupTime19344,double,,,,,,double
groupTime19345,double,,,,,,double
groupTime19363,double,double,,,,,
groupTime19364,double,double,,,,,
groupTime19365,double,double,,,,,
groupTime19366,double,double,,,,,
groupTime19367,double,double,,,,,
groupTime19368,double,double,,,,,
groupTime19369,double,double,,,,,
groupTime19370,double,double,,,,,
groupTime19371,double,double,,,,,
groupTime19372,double,double,,,,,
groupTime19373,double,double,,,,,
groupTime19374,double,double,,,,,
groupTime19375,double,double,,,,,
groupTime19376,double,double,,,,,
groupTime19377,double,double,,,,,
groupTime19378,double,double,,,,,
groupTime19379,double,double,,,,,
groupTime19382,double,double,,,,,
groupTime19437,double,double,,,,,
groupTime19459,double,,double,,,,
groupTime19460,double,,double,,,,
groupTime19461,double,,double,,,,
groupTime19462,double,,double,,,,
groupTime19463,double,,double,,,,
groupTime19464,double,,double,,,,
groupTime19465,double,,double,,,,
groupTime19466,double,,double,,,,
groupTime19467,double,,double,,,,
groupTime19468,double,,double,,,,
groupTime19469,double,,double,,,,
groupTime19470,double,,double,,,,
groupTime19473,double,,double,,,,
groupTime19474,double,,double,,,,
groupTime19475,double,,double,,,,
groupTime19536,double,,double,,,,
groupTime19537,double,,double,,,,
groupTime19544,double,,double,,,,
groupTime20107,double,,,double,,,
groupTime20112,double,,,double,,,
groupTime20113,double,,,double,,,
groupTime20114,double,,,double,,,
groupTime20116,double,,,double,,,
groupTime20117,double,,,double,,,
groupTime20118,double,,,double,,,
groupTime20124,double,,,double,,,
groupTime20126,double,,,double,,,
groupTime20127,double,,,double,,,
groupTime20128,double,,,double,,,
groupTime20129,double,,,double,,,
groupTime20130,double,,,double,,,
groupTime20132,double,,,double,,,
groupTime20525,double,,,double,,,
groupTime20673,double,,,double,,,
groupTime22538,double,,,double,,,
groupTime26734,double,,,double,,,
groupTime28081,double,,,double,,,
groupTime28082,double,double,,,,,
groupTime29245,double,double,,,,,
groupTime29246,double,double,,,,,
groupTime29247,double,double,,,,,
groupTime29248,double,double,,,,,
groupTime29249,double,double,,,,,
groupTime29250,double,double,,,,,
interviewtime,double,double,double,double,,,double
APSTime,empty,empty,empty,,,,
AQ10JETime,empty,,,empty,,,
AQ10JTime,empty,,,empty,,,
AQ10KETime,empty,,,empty,,,
AQTime,empty,empty,empty,empty,,,
ASRSTime,empty,empty,empty,,,,
Alk1Time,empty,empty,empty,empty,,,
Alk2Time,empty,empty,empty,empty,,,
Alk3Time,empty,empty,empty,empty,,,
And1Time,empty,empty,empty,empty,,,
And2Time,empty,empty,empty,empty,,,
And3Time,empty,empty,empty,empty,,,
AudioTime,empty,,,,,,empty
BDI001Time,empty,,,empty,,,
BDI002Time,empty,,,empty,,,
BDI003Time,empty,,,empty,,,
BDI004Time,empty,,,empty,,,
BDI005Time,empty,,,empty,,,
BDI006Time,empty,,,empty,,,
BDI007Time,empty,,,empty,,,
BDI008Time,empty,,,empty,,,
BDI009Time,empty,,,empty,,,
BDI010Time,empty,,,empty,,,
BDI011Time,empty,,,empty,,,
BDI012Time,empty,,,empty,,,
BDI013Time,empty,,,empty,,,
BDI014Time,empty,,,empty,,,
BDI015Time,empty,,,empty,,,
BDI016Time,empty,,,empty,,,
BDI017Time,empty,,,empty,,,
BDI018Time,empty,,,empty,,,
BDI019Time,empty,,,empty,,,
BDI020Time,empty,,,empty,,,
BDI021Time,empty,,,empty,,,
BDIinstr,empty,,,empty,,,
BDIinstrTime,empty,,,empty,,,
BISBASETime,empty,,,empty,,,
BISBASKTime,empty,,,empty,,,
BISBASTime,empty,empty,empty,,,,
CAPEdistrTime,empty,empty,empty,,,,
CAPEfreqTime,empty,empty,empty,,,,
CAPSTime,empty,,,empty,,,
CBCL112a,empty,,,,empty,,
CBCL120[CBCL120c],empty,,,,empty,,
CBCL120x[CBCLc1],empty,,,,empty,,
CBCL7z1,empty,,,,empty,,
CBCL91a,empty,,,,empty,,
CBCL9a,empty,,,,empty,,
CTQTime,empty,empty,empty,empty,,,
Cann1Time,empty,empty,empty,empty,,,
Cann2Time,empty,empty,empty,empty,,,
Cann3Time,empty,empty,empty,empty,,,
DIKJ001Time,empty,,,empty,,,
DIKJ002Time,empty,,,empty,,,
DIKJ003Time,empty,,,empty,,,
DIKJ004Time,empty,,,empty,,,
DIKJ005Time,empty,,,empty,,,
DIKJ006Time,empty,,,empty,,,
DIKJ007Time,empty,,,empty,,,
DIKJ008Time,empty,,,empty,,,
DIKJ009Time,empty,,,empty,,,
DIKJ010Time,empty,,,empty,,,
DIKJ011Time,empty,,,empty,,,
DIKJ012Time,empty,,,empty,,,
DIKJ013Time,empty,,,empty,,,
DIKJ014Time,empty,,,empty,,,
DIKJ015Time,empty,,,empty,,,
DIKJ016Time,empty,,,empty,,,
DIKJ017Time,empty,,,empty,,,
DIKJ018Time,empty,,,empty,,,
DIKJ019Time,empty,,,empty,,,
DIKJ020Time,empty,,,empty,,,
DIKJ021Time,empty,,,empty,,,
DIKJ022Time,empty,,,empty,,,
DIKJ023Time,empty,,,empty,,,
DIKJ024Time,empty,,,empty,,,
DIKJ025Time,empty,,,empty,,,
DIKJ026Time,empty,,,empty,,,
DIKJ027Time,empty,,,empty,,,
DIKJ028Time,empty,,,empty,,,
DIKJ029Time,empty,,,empty,,,
DIKJinstr,empty,,,empty,,,
DIKJinstrTime,empty,,,empty,,,
F11Time,empty,,,,,,empty
FHSOpenTextTime,empty,empty,empty,,,,
FHSinstruction,empty,empty,empty,,,,
FHSinstructionTime,empty,empty,empty,,,,
FMPSDTime,empty,empty,,,,,
FillerRelationOther,empty,,,,empty,,
Hal1Time,empty,empty,empty,empty,,,
Hal2Time,empty,empty,empty,empty,,,
Hal3Time,empty,empty,empty,empty,,,
HelpInfo,empty,empty,,,,,
HelpInfoTime,empty,empty,,,,,
IDASTime,empty,empty,empty,,,,
IUSETime,empty,,,empty,,,
IUSKTime,empty,,,empty,,,
IUSTime,empty,empty,empty,,,,
InfoAdols,empty,,,,,,empty
InfoAdolsTime,empty,,,,,,empty
InfoAdults,empty,,,,,,empty
InfoAdultsTime,empty,,,,,,empty
InfoChild,empty,,,,,,empty
InfoChildTime,empty,,,,,,empty
Inh1Time,empty,empty,empty,empty,,,
Inh2Time,empty,empty,empty,empty,,,
Inh3Time,empty,empty,empty,empty,,,
Instr,empty,empty,empty,empty,,,
InstrTime,empty,empty,empty,empty,,,
K1,empty,empty,,,,,
K101Time,empty,empty,,,,,
K102Time,empty,empty,,,,,
K103Time,empty,empty,,,,,
K104Time,empty,empty,,,,,
K105Time,empty,empty,,,,,
K1Time,empty,empty,,,,,
K2,empty,empty,,,,,
K201Time,empty,empty,,,,,
K202Time,empty,empty,,,,,
K203Time,empty,empty,,,,,
K204Time,empty,empty,,,,,
K205Time,empty,empty,,,,,
K2Time,empty,empty,,,,,
K3,empty,empty,,,,,
K301Time,empty,empty,,,,,
K302Time,empty,empty,,,,,
K303Time,empty,empty,,,,,
K304Time,empty,empty,,,,,
K305Time,empty,empty,,,,,
K3Time,empty,empty,,,,,
K4,empty,empty,,,,,
K401Time,empty,empty,,,,,
K402Time,empty,empty,,,,,
K403Time,empty,empty,,,,,
K404Time,empty,empty,,,,,
K405Time,empty,empty,,,,,
K4Time,empty,empty,,,,,
K5,empty,empty,,,,,
K501Time,empty,empty,,,,,
K502Time,empty,empty,,,,,
K503Time,empty,empty,,,,,
K504Time,empty,empty,,,,,
K505Time,empty,empty,,,,,
K5Time,empty,empty,,,,,
KASITime,empty,,,empty,,,
MAP1Time,empty,empty,empty,,,,
MAP2Time,empty,empty,empty,,,,
MAP3Time,empty,empty,empty,,,,
MAP4Time,empty,empty,empty,,,,
MAP5Time,empty,empty,empty,,,,
MAP6Time,empty,empty,empty,,,,
MAPA2Time,empty,empty,empty,,,,
MAPA3effortTime,empty,empty,empty,,,,
MAPA3motivationTime,empty,empty,empty,,,,
MAPInfoA11,empty,empty,empty,,,,
MAPInfoA11Time,empty,empty,empty,,,,
MAPInfoA12,empty,empty,empty,,,,
MAPInfoA12Time,empty,empty,empty,,,,
MCQTime,empty,empty,,,,,
Med1Time,empty,empty,empty,empty,,,
Med2Time,empty,empty,empty,empty,,,
Med3Time,empty,empty,empty,empty,,,
OBQTime,empty,empty,,,,,
OCIRTime,empty,empty,,,,,
Opi1Time,empty,empty,empty,empty,,,
Opi2Time,empty,empty,empty,empty,,,
Opi3Time,empty,empty,empty,empty,,,
PDS0Time,empty,,,empty,,,
PDS1Time,empty,,,empty,,,
PDS2Time,empty,,,empty,,,
PDS3Time,empty,,,empty,,,
PDS4Time,empty,,,empty,,,
PDS5Time,empty,,,empty,,,
PDS6Time,empty,,,empty,,,
PIPRTime,empty,empty,,,,,
PSCETime,empty,,,empty,,,
PSCKTime,empty,,,empty,,,
PeSSKiTime,empty,,,empty,,,
SCASDTime,empty,,,empty,,,
SCASSTime,empty,,,empty,,,
SUQgeneralTime,empty,,,empty,,,
StartDisplay,empty,,,,empty,,
Stim1Time,empty,empty,empty,empty,,,
Stim2Time,empty,empty,empty,empty,,,
Stim3Time,empty,empty,empty,empty,,,
TICSTime,empty,empty,empty,,,,
Tab1Time,empty,empty,empty,empty,,,
Tab2Time,empty,empty,empty,empty,,,
Tab3Time,empty,empty,empty,empty,,,
URLCognAdolsTime,empty,,,,,,empty
URLCognAdultsTime,empty,,,,,,empty
URLCognChildTime,empty,,,,,,empty
URLQuestAdolsTime,empty,,,,,,empty
URLQuestAdultsTime,empty,,,,,,empty
URLQuestChildTime,empty,,,,,,empty
URLQuestParentTime,empty,,,,,,empty
ageTime,empty,empty,empty,empty,,,
agecalcTime,empty,,,empty,,,
agora1Time,empty,empty,empty,,,,
agora1[child1],empty,empty,empty,,,,
agora1[child2],empty,empty,empty,,,,
agora1[child3],empty,empty,empty,,,,
agora1[child4],empty,empty,empty,,,,
agora1[child5],empty,empty,empty,,,,
agora1[child6],empty,empty,empty,,,,
agora1[child7],empty,empty,empty,,,,
agora1[child8],empty,empty,empty,,,,
agora1[child9],empty,empty,empty,,,,
agora1[sibling3],empty,empty,empty,,,,
agora1[sibling4],empty,empty,empty,,,,
agora1[sibling5],empty,empty,empty,,,,
agora1[sibling6],empty,empty,empty,,,,
agora1[sibling7],empty,empty,empty,,,,
agora1[sibling8],empty,empty,empty,,,,
agora1[sibling9],empty,empty,empty,,,,
agoraconfidenceTime,empty,empty,empty,,,,
agoraconfidence[child1],empty,empty,empty,,,,
agoraconfidence[child2],empty,empty,empty,,,,
agoraconfidence[child3],empty,empty,empty,,,,
agoraconfidence[child4],empty,empty,empty,,,,
agoraconfidence[child5],empty,empty,empty,,,,
agoraconfidence[child6],empty,empty,empty,,,,
agoraconfidence[child7],empty,empty,empty,,,,
agoraconfidence[child8],empty,empty,empty,,,,
agoraconfidence[child9],empty,empty,empty,,,,
agoraconfidence[sibling3],empty,empty,empty,,,,
agoraconfidence[sibling4],empty,empty,empty,,,,
agoraconfidence[sibling5],empty,empty,empty,,,,
agoraconfidence[sibling6],empty,empty,empty,,,,
agoraconfidence[sibling7],empty,empty,empty,,,,
agoraconfidence[sibling8],empty,empty,empty,,,,
agoraconfidence[sibling9],empty,empty,empty,,,,
childpsychdiagnTime,empty,,,empty,,,
childpsychdiagn[Aus],empty,,,empty,,,
childpsychdiagn[Bipolar],empty,,,empty,,,
childpsychdiagn[Dev],empty,,,empty,,,
childpsychdiagn[ED],empty,,,empty,,,
childpsychdiagn[MDE],empty,,,empty,,,
childpsychdiagn[Opp],empty,,,empty,,,
childpsychdiagn[PD],empty,,,empty,,,
childpsychdiagn[Psy],empty,,,empty,,,
childpsychdiagn[SUD],empty,,,empty,,,
childpsychdiagn[Sleep],empty,,,empty,,,
childpsychdiagn[Tic],empty,,,empty,,,
childpsychdiagn[idk],empty,,,empty,,,
childpsychdiagn[other],empty,,,empty,,,
childpsychdisorderTime,empty,,,empty,,,
childpsychprevalentTime,empty,,,empty,,,
childpsychprevalent[Aus][1],empty,,,empty,,,
childpsychprevalent[Aus][2],empty,,,empty,,,
childpsychprevalent[Bipolar][1],empty,,,empty,,,
childpsychprevalent[Bipolar][2],empty,,,empty,,,
childpsychprevalent[Dev][1],empty,,,empty,,,
childpsychprevalent[Dev][2],empty,,,empty,,,
childpsychprevalent[ED][1],empty,,,empty,,,
childpsychprevalent[ED][2],empty,,,empty,,,
childpsychprevalent[MDE][1],empty,,,empty,,,
childpsychprevalent[MDE][2],empty,,,empty,,,
childpsychprevalent[Opp][1],empty,,,empty,,,
childpsychprevalent[Opp][2],empty,,,empty,,,
childpsychprevalent[PD][1],empty,,,empty,,,
childpsychprevalent[PD][2],empty,,,empty,,,
childpsychprevalent[Psy][1],empty,,,empty,,,
childpsychprevalent[Psy][2],empty,,,empty,,,
childpsychprevalent[SUD][1],empty,,,empty,,,
childpsychprevalent[SUD][2],empty,,,empty,,,
childpsychprevalent[Sleep][1],empty,,,empty,,,
childpsychprevalent[Sleep][2],empty,,,empty,,,
childpsychprevalent[Tic][1],empty,,,empty,,,
childpsychprevalent[Tic][2],empty,,,empty,,,
childpsychprevalent[idk][1],empty,,,empty,,,
childpsychprevalent[idk][2],empty,,,empty,,,
childpsychprevalent[other][1],empty,,,empty,,,
childpsychprevalent[other][2],empty,,,empty,,,
childrenTime,empty,empty,empty,,,,
childrencontactTime,empty,empty,empty,,,,
childrencontact[004],empty,empty,empty,,,,
childrencontact[005],empty,empty,empty,,,,
childrencontact[006],empty,empty,empty,,,,
childrencontact[007],empty,empty,empty,,,,
childrencontact[008],empty,empty,empty,,,,
childrencontact[009],empty,empty,empty,,,,
childrengenderTime,empty,empty,empty,,,,
childrengender[004],empty,empty,empty,,,,
childrengender[005],empty,empty,empty,,,,
childrengender[006],empty,empty,empty,,,,
childrengender[007],empty,empty,empty,,,,
childrengender[008],empty,empty,empty,,,,
childrengender[009],empty,empty,empty,,,,
childrennamesTime,empty,empty,empty,,,,
childrennames[004],empty,empty,empty,,,,
childrennames[005],empty,empty,empty,,,,
childrennames[006],empty,empty,empty,,,,
childrennames[007],empty,empty,empty,,,,
childrennames[008],empty,empty,empty,,,,
childrennames[009],empty,empty,empty,,,,
compTime,empty,empty,empty,empty,,,
componentsTime,empty,,,,,,empty
consentTime,empty,empty,empty,empty,,,
datacollectionTime,empty,,,,,,empty
depression1Time,empty,empty,empty,,,,
depression1[child3],empty,empty,empty,,,,
depression1[child4],empty,empty,empty,,,,
depression1[child5],empty,empty,empty,,,,
depression1[child6],empty,empty,empty,,,,
depression1[child7],empty,empty,empty,,,,
depression1[child8],empty,empty,empty,,,,
depression1[child9],empty,empty,empty,,,,
depression1[sibling7],empty,empty,empty,,,,
depression1[sibling8],empty,empty,empty,,,,
depression1[sibling9],empty,empty,empty,,,,
depressionconfidenceTime,empty,empty,empty,,,,
depressionconfidence[child3],empty,empty,empty,,,,
depressionconfidence[child4],empty,empty,empty,,,,
depressionconfidence[child5],empty,empty,empty,,,,
depressionconfidence[child6],empty,empty,empty,,,,
depressionconfidence[child7],empty,empty,empty,,,,
depressionconfidence[child8],empty,empty,empty,,,,
depressionconfidence[child9],empty,empty,empty,,,,
depressionconfidence[sibling7],empty,empty,empty,,,,
depressionconfidence[sibling8],empty,empty,empty,,,,
depressionconfidence[sibling9],empty,empty,empty,,,,
ed1Time,empty,empty,empty,,,,
ed1[child2],empty,empty,empty,,,,
ed1[child3],empty,empty,empty,,,,
ed1[child4],empty,empty,empty,,,,
ed1[child5],empty,empty,empty,,,,
ed1[child6],empty,empty,empty,,,,
ed1[child7],empty,empty,empty,,,,
ed1[child8],empty,empty,empty,,,,
ed1[child9],empty,empty,empty,,,,
ed1[sibling4],empty,empty,empty,,,,
ed1[sibling7],empty,empty,empty,,,,
ed1[sibling8],empty,empty,empty,,,,
ed1[sibling9],empty,empty,empty,,,,
edconfidenceTime,empty,empty,empty,,,,
edconfidence[child2],empty,empty,empty,,,,
edconfidence[child3],empty,empty,empty,,,,
edconfidence[child4],empty,empty,empty,,,,
edconfidence[child5],empty,empty,empty,,,,
edconfidence[child6],empty,empty,empty,,,,
edconfidence[child7],empty,empty,empty,,,,
edconfidence[child8],empty,empty,empty,,,,
edconfidence[child9],empty,empty,empty,,,,
edconfidence[sibling4],empty,empty,empty,,,,
edconfidence[sibling7],empty,empty,empty,,,,
edconfidence[sibling8],empty,empty,empty,,,,
edconfidence[sibling9],empty,empty,empty,,,,
educationTime,empty,empty,empty,empty,,,
end,empty,empty,empty,empty,,,
endTime,empty,empty,empty,empty,,,
endscreen,empty,empty,,empty,,,
endscreenTime,empty,empty,,empty,,,
eyesightTime,empty,empty,empty,empty,,,
formTime,empty,,,empty,,,
gas1Time,empty,empty,empty,,,,
gas1[child1],empty,empty,empty,,,,
gas1[child3],empty,empty,empty,,,,
gas1[child4],empty,empty,empty,,,,
gas1[child5],empty,empty,empty,,,,
gas1[child6],empty,empty,empty,,,,
gas1[child7],empty,empty,empty,,,,
gas1[child8],empty,empty,empty,,,,
gas1[child9],empty,empty,empty,,,,
gas1[sibling3],empty,empty,empty,,,,
gas1[sibling4],empty,empty,empty,,,,
gas1[sibling5],empty,empty,empty,,,,
gas1[sibling6],empty,empty,empty,,,,
gas1[sibling7],empty,empty,empty,,,,
gas1[sibling8],empty,empty,empty,,,,
gas1[sibling9],empty,empty,empty,,,,
gasconfidenceTime,empty,empty,empty,,,,
gasconfidence[child1],empty,empty,empty,,,,
gasconfidence[child3],empty,empty,empty,,,,
gasconfidence[child4],empty,empty,empty,,,,
gasconfidence[child5],empty,empty,empty,,,,
gasconfidence[child6],empty,empty,empty,,,,
gasconfidence[child7],empty,empty,empty,,,,
gasconfidence[child8],empty,empty,empty,,,,
gasconfidence[child9],empty,empty,empty,,,,
gasconfidence[sibling3],empty,empty,empty,,,,
gasconfidence[sibling4],empty,empty,empty,,,,
gasconfidence[sibling5],empty,empty,empty,,,,
gasconfidence[sibling6],empty,empty,empty,,,,
gasconfidence[sibling7],empty,empty,empty,,,,
gasconfidence[sibling8],empty,empty,empty,,,,
gasconfidence[sibling9],empty,empty,empty,,,,
genderTime,empty,empty,empty,empty,,,
gradeTime,empty,,empty,empty,,,
grade[other],empty,,empty,empty,,,
graduationTime,empty,,empty,,,,
groupTime20119,empty,,,empty,,,
hearingTime,empty,empty,empty,empty,,,
heightTime,empty,empty,empty,empty,,,
jobTime,empty,empty,empty,,,,
job[11],empty,empty,,,,,
mania1Time,empty,empty,empty,,,,
mania1[child2],empty,empty,empty,,,,
mania1[child3],empty,empty,empty,,,,
mania1[child4],empty,empty,empty,,,,
mania1[child5],empty,empty,empty,,,,
mania1[child6],empty,empty,empty,,,,
mania1[child7],empty,empty,empty,,,,
mania1[child8],empty,empty,empty,,,,
mania1[child9],empty,empty,empty,,,,
mania1[sibling2],empty,empty,string,,,,
mania1[sibling4],empty,empty,empty,,,,
mania1[sibling5],empty,empty,empty,,,,
mania1[sibling6],empty,empty,empty,,,,
mania1[sibling7],empty,empty,empty,,,,
mania1[sibling8],empty,empty,empty,,,,
mania1[sibling9],empty,empty,empty,,,,
maniaconfidenceTime,empty,empty,empty,,,,
maniaconfidence[child2],empty,empty,empty,,,,
maniaconfidence[child3],empty,empty,empty,,,,
maniaconfidence[child4],empty,empty,empty,,,,
maniaconfidence[child5],empty,empty,empty,,,,
maniaconfidence[child6],empty,empty,empty,,,,
maniaconfidence[child7],empty,empty,empty,,,,
maniaconfidence[child8],empty,empty,empty,,,,
maniaconfidence[child9],empty,empty,empty,,,,
maniaconfidence[sibling4],empty,empty,empty,,,,
maniaconfidence[sibling5],empty,empty,empty,,,,
maniaconfidence[sibling6],empty,empty,empty,,,,
maniaconfidence[sibling7],empty,empty,empty,,,,
maniaconfidence[sibling8],empty,empty,empty,,,,
maniaconfidence[sibling9],empty,empty,empty,,,,
maritalstatTime,empty,empty,empty,,,,
ocd1Time,empty,empty,empty,,,,
ocd1[child1],empty,empty,empty,,,,
ocd1[child2],empty,empty,empty,,,,
ocd1[child3],empty,empty,empty,,,,
ocd1[child4],empty,empty,empty,,,,
ocd1[child5],empty,empty,empty,,,,
ocd1[child6],empty,empty,empty,,,,
ocd1[child7],empty,empty,empty,,,,
ocd1[child8],empty,empty,empty,,,,
ocd1[child9],empty,empty,empty,,,,
ocd1[sibling4],empty,empty,empty,,,,
ocd1[sibling5],empty,empty,empty,,,,
ocd1[sibling6],empty,empty,empty,,,,
ocd1[sibling7],empty,empty,empty,,,,
ocd1[sibling8],empty,empty,empty,,,,
ocdconfidenceTime,empty,empty,empty,,,,
ocdconfidence[child1],empty,empty,empty,,,,
ocdconfidence[child2],empty,empty,empty,,,,
ocdconfidence[child3],empty,empty,empty,,,,
ocdconfidence[child4],empty,empty,empty,,,,
ocdconfidence[child5],empty,empty,empty,,,,
ocdconfidence[child6],empty,empty,empty,,,,
ocdconfidence[child7],empty,empty,empty,,,,
ocdconfidence[child8],empty,empty,empty,,,,
ocdconfidence[child9],empty,empty,empty,,,,
ocdconfidence[sibling4],empty,empty,empty,,,,
ocdconfidence[sibling5],empty,empty,empty,,,,
ocdconfidence[sibling6],empty,empty,empty,,,,
ocdconfidence[sibling7],empty,empty,empty,,,,
ocdconfidence[sibling8],empty,empty,empty,,,,
otherdrugTime,empty,empty,empty,empty,,,
othermedicationTime,empty,empty,empty,empty,,,
ownpsychdiagnTime,empty,empty,empty,,,,
ownpsychdisorderTime,empty,empty,empty,,,,
ownpsychprevalentTime,empty,empty,empty,,,,
panic1Time,empty,empty,empty,,,,
panic1[child1],empty,empty,empty,,,,
panic1[child2],empty,empty,empty,,,,
panic1[child3],empty,empty,empty,,,,
panic1[child4],empty,empty,empty,,,,
panic1[child5],empty,empty,empty,,,,
panic1[child6],empty,empty,empty,,,,
panic1[child7],empty,empty,empty,,,,
panic1[child8],empty,empty,empty,,,,
panic1[child9],empty,empty,empty,,,,
panic1[sibling3],empty,empty,empty,,,,
panic1[sibling4],empty,empty,empty,,,,
panic1[sibling7],empty,empty,empty,,,,
panic1[sibling8],empty,empty,empty,,,,
panic1[sibling9],empty,empty,empty,,,,
panicconfidenceTime,empty,empty,empty,,,,
panicconfidence[child1],empty,empty,empty,,,,
panicconfidence[child2],empty,empty,empty,,,,
panicconfidence[child3],empty,empty,empty,,,,
panicconfidence[child4],empty,empty,empty,,,,
panicconfidence[child5],empty,empty,empty,,,,
panicconfidence[child6],empty,empty,empty,,,,
panicconfidence[child7],empty,empty,empty,,,,
panicconfidence[child8],empty,empty,empty,,,,
panicconfidence[child9],empty,empty,empty,,,,
panicconfidence[sibling3],empty,empty,empty,,,,
panicconfidence[sibling4],empty,empty,empty,,,,
panicconfidence[sibling7],empty,empty,empty,,,,
panicconfidence[sibling8],empty,empty,empty,,,,
panicconfidence[sibling9],empty,empty,empty,,,,
parentsTime,empty,empty,empty,,,,
parentscontactTime,empty,empty,empty,,,,
parentsgenderTime,empty,empty,empty,,,,
parentspsychdiagnTime,empty,,,empty,,,
parentspsychdiagn[ADHS],empty,,,empty,,,
parentspsychdiagn[Aus],empty,,,empty,,,
parentspsychdiagn[Bipolar],empty,,,empty,,,
parentspsychdiagn[Dev],empty,,,empty,,,
parentspsychdiagn[Opp],empty,,,empty,,,
parentspsychdiagn[PD],empty,,,empty,,,
parentspsychdiagn[Psy],empty,,,empty,,,
parentspsychdiagn[SUD],empty,,,empty,,,
parentspsychdiagn[Sleep],empty,,,empty,,,
parentspsychdiagn[Tic],empty,,,empty,,,
parentspsychdiagn[idk],empty,,,empty,,,
parentspsychdisorderTime,empty,,,empty,,,
phobia1Time,empty,empty,empty,,,,
phobia1[child3],empty,empty,empty,,,,
phobia1[child4],empty,empty,empty,,,,
phobia1[child5],empty,empty,empty,,,,
phobia1[child6],empty,empty,empty,,,,
phobia1[child7],empty,empty,empty,,,,
phobia1[child8],empty,empty,empty,,,,
phobia1[child9],empty,empty,empty,,,,
phobia1[sibling3],empty,empty,empty,,,,
phobia1[sibling5],empty,empty,empty,,,,
phobia1[sibling7],empty,empty,empty,,,,
phobia1[sibling8],empty,empty,empty,,,,
phobia1[sibling9],empty,empty,empty,,,,
phobiaconfidenceTime,empty,empty,empty,,,,
phobiaconfidence[child3],empty,empty,empty,,,,
phobiaconfidence[child4],empty,empty,empty,,,,
phobiaconfidence[child5],empty,empty,empty,,,,
phobiaconfidence[child6],empty,empty,empty,,,,
phobiaconfidence[child7],empty,empty,empty,,,,
phobiaconfidence[child8],empty,empty,empty,,,,
phobiaconfidence[child9],empty,empty,empty,,,,
phobiaconfidence[sibling3],empty,empty,empty,,,,
phobiaconfidence[sibling5],empty,empty,empty,,,,
phobiaconfidence[sibling7],empty,empty,empty,,,,
phobiaconfidence[sibling8],empty,empty,empty,,,,
phobiaconfidence[sibling9],empty,empty,empty,,,,
projectTime,empty,empty,empty,empty,,,empty
psy1Time,empty,empty,empty,,,,
psy1[child1],empty,empty,empty,,,,
psy1[child2],empty,empty,empty,,,,
psy1[child3],empty,empty,empty,,,,
psy1[child4],empty,empty,empty,,,,
psy1[child5],empty,empty,empty,,,,
psy1[child6],empty,empty,empty,,,,
psy1[child7],empty,empty,empty,,,,
psy1[child8],empty,empty,empty,,,,
psy1[child9],empty,empty,empty,,,,
psy1[sibling3],empty,empty,empty,,,,
psy1[sibling4],empty,empty,empty,,,,
psy1[sibling5],empty,empty,empty,,,,
psy1[sibling6],empty,empty,empty,,,,
psy1[sibling7],empty,empty,empty,,,,
psy1[sibling8],empty,empty,empty,,,,
psy1[sibling9],empty,empty,empty,,,,
psychodrugTime,empty,empty,empty,empty,,,
psychomedicationTime,empty,empty,empty,empty,,,
psyconfidenceTime,empty,empty,empty,,,,
psyconfidence[child1],empty,empty,empty,,,,
psyconfidence[child2],empty,empty,empty,,,,
psyconfidence[child3],empty,empty,empty,,,,
psyconfidence[child4],empty,empty,empty,,,,
psyconfidence[child5],empty,empty,empty,,,,
psyconfidence[child6],empty,empty,empty,,,,
psyconfidence[child7],empty,empty,empty,,,,
psyconfidence[child8],empty,empty,empty,,,,
psyconfidence[child9],empty,empty,empty,,,,
psyconfidence[sibling3],empty,empty,empty,,,,
psyconfidence[sibling4],empty,empty,empty,,,,
psyconfidence[sibling5],empty,empty,empty,,,,
psyconfidence[sibling6],empty,empty,empty,,,,
psyconfidence[sibling7],empty,empty,empty,,,,
psyconfidence[sibling8],empty,empty,empty,,,,
psyconfidence[sibling9],empty,empty,empty,,,,
relativesInfo,empty,empty,empty,,,,
relativesInfoTime,empty,empty,empty,,,,
remid,empty,empty,empty,string,,,
remidTime,empty,empty,empty,empty,,,
remidcheck,empty,empty,empty,string,,,
remidcheckTime,empty,empty,empty,empty,,,
sampleTime,empty,,,,,,empty
schoolTime,empty,,empty,empty,,,
sepanx1Time,empty,empty,empty,,,,
sepanx1[child4],empty,empty,empty,,,,
sepanx1[child5],empty,empty,empty,,,,
sepanx1[child6],empty,empty,empty,,,,
sepanx1[child7],empty,empty,empty,,,,
sepanx1[child8],empty,empty,empty,,,,
sepanx1[child9],empty,empty,empty,,,,
sepanx1[sibling4],empty,empty,empty,,,,
sepanx1[sibling5],empty,empty,empty,,,,
sepanx1[sibling6],empty,empty,empty,,,,
sepanx1[sibling7],empty,empty,empty,,,,
sepanx1[sibling8],empty,empty,empty,,,,
sepanxconfidenceTime,empty,empty,empty,,,,
sepanxconfidence[child4],empty,empty,empty,,,,
sepanxconfidence[child5],empty,empty,empty,,,,
sepanxconfidence[child6],empty,empty,empty,,,,
sepanxconfidence[child7],empty,empty,empty,,,,
sepanxconfidence[child8],empty,empty,empty,,,,
sepanxconfidence[child9],empty,empty,empty,,,,
sepanxconfidence[sibling4],empty,empty,empty,,,,
sepanxconfidence[sibling5],empty,empty,empty,,,,
sepanxconfidence[sibling6],empty,empty,empty,,,,
sepanxconfidence[sibling7],empty,empty,empty,,,,
sepanxconfidence[sibling8],empty,empty,empty,,,,
siblingpsychdiagnTime,empty,,,empty,,,
siblingpsychdiagn[ADHS],empty,,,empty,,,
siblingpsychdiagn[Anx],empty,,,empty,,,
siblingpsychdiagn[Aus],empty,,,empty,,,
siblingpsychdiagn[Bipolar],empty,,,empty,,,
siblingpsychdiagn[Dev],empty,,,empty,,,
siblingpsychdiagn[OCD],empty,,,empty,,,
siblingpsychdiagn[Opp],empty,,,empty,,,
siblingpsychdiagn[Psy],empty,,,empty,,,
siblingpsychdiagn[SUD],empty,,,empty,,,
siblingpsychdiagn[Sleep],empty,,,empty,,,
siblingpsychdiagn[Tic],empty,,,empty,,,
siblingpsychdiagn[idk],empty,,,empty,,,
siblingpsychdiagn[other],empty,,,empty,,,
siblingpsychdisorderTime,empty,,,empty,,,
siblingsTime,empty,empty,empty,,,,
siblingscontactTime,empty,empty,empty,,,,
siblingsgenderTime,empty,empty,empty,,,,
siblingsnamesTime,empty,empty,empty,,,,
socialanx1Time,empty,empty,empty,,,,
socialanx1[child3],empty,empty,empty,,,,
socialanx1[child4],empty,empty,empty,,,,
socialanx1[child5],empty,empty,empty,,,,
socialanx1[child6],empty,empty,empty,,,,
socialanx1[child7],empty,empty,empty,,,,
socialanx1[child8],empty,empty,empty,,,,
socialanx1[child9],empty,empty,empty,,,,
socialanx1[sibling5],empty,empty,empty,,,,
socialanx1[sibling6],empty,empty,empty,,,,
socialanx1[sibling7],empty,empty,empty,,,,
socialanx1[sibling8],empty,empty,empty,,,,
socialanx1[sibling9],empty,empty,empty,,,,
socialanxconfidenceTime,empty,empty,empty,,,,
socialanxconfidence[child3],empty,empty,empty,,,,
socialanxconfidence[child4],empty,empty,empty,,,,
socialanxconfidence[child5],empty,empty,empty,,,,
socialanxconfidence[child6],empty,empty,empty,,,,
socialanxconfidence[child7],empty,empty,empty,,,,
socialanxconfidence[child8],empty,empty,empty,,,,
socialanxconfidence[child9],empty,empty,empty,,,,
socialanxconfidence[sibling5],empty,empty,empty,,,,
socialanxconfidence[sibling6],empty,empty,empty,,,,
socialanxconfidence[sibling7],empty,empty,empty,,,,
socialanxconfidence[sibling8],empty,empty,empty,,,,
socialanxconfidence[sibling9],empty,empty,empty,,,,
sud1Time,empty,empty,empty,,,,
sud1[child1],empty,empty,empty,,,,
sud1[child2],empty,empty,empty,,,,
sud1[child3],empty,empty,empty,,,,
sud1[child4],empty,empty,empty,,,,
sud1[child5],empty,empty,empty,,,,
sud1[child6],empty,empty,empty,,,,
sud1[child7],empty,empty,empty,,,,
sud1[child8],empty,empty,empty,,,,
sud1[child9],empty,empty,empty,,,,
sud1[sibling5],empty,empty,empty,,,,
sud1[sibling6],empty,empty,empty,,,,
sud1[sibling7],empty,empty,empty,,,,
sud1[sibling8],empty,empty,empty,,,,
sud1[sibling9],empty,empty,empty,,,,
sudconfidenceTime,empty,empty,empty,,,,
sudconfidence[child1],empty,empty,empty,,,,
sudconfidence[child2],empty,empty,empty,,,,
sudconfidence[child3],empty,empty,empty,,,,
sudconfidence[child4],empty,empty,empty,,,,
sudconfidence[child5],empty,empty,empty,,,,
sudconfidence[child6],empty,empty,empty,,,,
sudconfidence[child7],empty,empty,empty,,,,
sudconfidence[child8],empty,empty,empty,,,,
sudconfidence[child9],empty,empty,empty,,,,
sudconfidence[sibling5],empty,empty,empty,,,,
sudconfidence[sibling6],empty,empty,empty,,,,
sudconfidence[sibling7],empty,empty,empty,,,,
sudconfidence[sibling8],empty,empty,empty,,,,
sudconfidence[sibling9],empty,empty,empty,,,,
vpidTime,empty,empty,empty,empty,,,empty
warning,empty,empty,empty,empty,,,
warningTime,empty,empty,empty,empty,,,
weightTime,empty,empty,empty,empty,,,
APS01to06[APS01],integer,,,,,integer,
APS01to06[APS02],integer,,,,,integer,
APS01to06[APS03],integer,,,,,integer,
APS01to06[APS04],integer,,,,,integer,
APS01to06[APS05],integer,,,,,integer,
APS01to06[APS06],integer,,,,,integer,
APS07to12[APS07],integer,,,,,integer,
APS07to12[APS08],integer,,,,,integer,
APS07to12[APS09],integer,,,,,integer,
APS07to12[APS10],integer,,,,,integer,
APS07to12[APS11],integer,,,,,integer,
APS07to12[APS12],integer,,,,,integer,
APS[001],integer,integer,integer,,,,
APS[002],integer,integer,integer,,,,
APS[003],integer,integer,integer,,,,
APS[004],integer,integer,integer,,,,
APS[005],integer,integer,integer,,,,
APS[006],integer,integer,integer,,,,
APS[007],integer,integer,integer,,,,
APS[008],integer,integer,integer,,,,
APS[009],integer,integer,integer,,,,
APS[010],integer,integer,integer,,,,
APS[011],integer,integer,integer,,,,
APS[012],integer,integer,integer,,,,
AQ10JE[001],integer,,,integer,,,
AQ10JE[002],integer,,,integer,,,
AQ10JE[003],integer,,,integer,,,
AQ10JE[004],integer,,,integer,,,
AQ10JE[005],integer,,,integer,,,
AQ10JE[006],integer,,,integer,,,
AQ10JE[007],integer,,,integer,,,
AQ10JE[008],integer,,,integer,,,
AQ10JE[009],integer,,,integer,,,
AQ10JE[010],integer,,,integer,,,
AQ10J[001],integer,,,integer,,,
AQ10J[002],integer,,,integer,,,
AQ10J[003],integer,,,integer,,,
AQ10J[004],integer,,,integer,,,
AQ10J[005],integer,,,integer,,,
AQ10J[006],integer,,,integer,,,
AQ10J[007],integer,,,integer,,,
AQ10J[008],integer,,,integer,,,
AQ10J[009],integer,,,integer,,,
AQ10J[010],integer,,,integer,,,
AQ10KE[001],integer,,,integer,,,
AQ10KE[002],integer,,,integer,,,
AQ10KE[003],integer,,,integer,,,
AQ10KE[004],integer,,,integer,,,
AQ10KE[005],integer,,,integer,,,
AQ10KE[006],integer,,,integer,,,
AQ10KE[007],integer,,,integer,,,
AQ10KE[008],integer,,,integer,,,
AQ10KE[009],integer,,,integer,,,
AQ10KE[010],integer,,,integer,,,
AQ10p1[AQ10KE001],integer,,,,integer,,
AQ10p1[AQ10KE002],integer,,,,integer,,
AQ10p1[AQ10KE003],integer,,,,integer,,
AQ10p1[AQ10KE004],integer,,,,integer,,
AQ10p1[AQ10KE005],integer,,,,integer,,
AQ10p2[AQ10KE006],integer,,,,integer,,
AQ10p2[AQ10KE007],integer,,,,integer,,
AQ10p2[AQ10KE008],integer,,,,integer,,
AQ10p2[AQ10KE009],integer,,,,integer,,
AQ10p2[AQ10KE010],integer,,,,integer,,
AQ[005],integer,integer,integer,integer,,,
AQ[020],integer,integer,integer,integer,,,
AQ[027],integer,integer,integer,integer,,,
AQ[028],integer,integer,integer,integer,,,
AQ[031],integer,integer,integer,integer,,,
AQ[032],integer,integer,integer,integer,,,
AQ[036],integer,integer,integer,integer,,,
AQ[037],integer,integer,integer,integer,,,
AQ[041],integer,integer,integer,integer,,,
AQ[045],integer,integer,integer,integer,,,
ASRS[001],integer,integer,integer,,,,
ASRS[002],integer,integer,integer,,,,
ASRS[003],integer,integer,integer,,,,
ASRS[004],integer,integer,integer,,,,
ASRS[005],integer,integer,integer,,,,
ASRS[006],integer,integer,integer,,,,
Alk1,integer,integer,integer,integer,,,
Alk2,integer,integer,integer,integer,,,
Alk3,integer,integer,integer,integer,,,
And1,integer,integer,integer,integer,,,
And2,integer,integer,integer,empty,,,
And3,integer,integer,empty,empty,,,
Audio,integer,,,,,,integer
BDI001,integer,,,integer,,,
BDI002,integer,,,integer,,,
BDI003,integer,,,integer,,,
BDI004,integer,,,integer,,,
BDI005,integer,,,integer,,,
BDI006,integer,,,integer,,,
BDI007,integer,,,integer,,,
BDI008,integer,,,integer,,,
BDI009,integer,,,integer,,,
BDI010,integer,,,integer,,,
BDI011,integer,,,integer,,,
BDI012,integer,,,integer,,,
BDI013,integer,,,integer,,,
BDI014,integer,,,integer,,,
BDI015,integer,,,integer,,,
BDI017,integer,,,integer,,,
BDI019,integer,,,integer,,,
BDI020,integer,,,integer,,,
BDI021,integer,,,integer,,,
BISBASE[001],integer,,,integer,,,
BISBASE[002],integer,,,integer,,,
BISBASE[003],integer,,,integer,,,
BISBASE[004],integer,,,integer,,,
BISBASE[005],integer,,,integer,,,
BISBASE[006],integer,,,integer,,,
BISBASE[007],integer,,,integer,,,
BISBASE[008],integer,,,integer,,,
BISBASE[009],integer,,,integer,,,
BISBASE[010],integer,,,integer,,,
BISBASE[011],integer,,,integer,,,
BISBASE[012],integer,,,integer,,,
BISBASE[013],integer,,,integer,,,
BISBASE[014],integer,,,integer,,,
BISBASE[015],integer,,,integer,,,
BISBASE[016],integer,,,integer,,,
BISBASE[017],integer,,,integer,,,
BISBASE[018],integer,,,integer,,,
BISBASE[019],integer,,,integer,,,
BISBASE[020],integer,,,integer,,,
BISBASK[001],integer,,,integer,,,
BISBASK[002],integer,,,integer,,,
BISBASK[003],integer,,,integer,,,
BISBASK[004],integer,,,integer,,,
BISBASK[005],integer,,,integer,,,
BISBASK[006],integer,,,integer,,,
BISBASK[007],integer,,,integer,,,
BISBASK[008],integer,,,integer,,,
BISBASK[009],integer,,,integer,,,
BISBASK[010],integer,,,integer,,,
BISBASK[011],integer,,,integer,,,
BISBASK[012],integer,,,integer,,,
BISBASK[013],integer,,,integer,,,
BISBASK[014],integer,,,integer,,,
BISBASK[015],integer,,,integer,,,
BISBASK[016],integer,,,integer,,,
BISBASK[017],integer,,,integer,,,
BISBASK[018],integer,,,integer,,,
BISBASK[019],integer,,,integer,,,
BISBASK[020],integer,,,integer,,,
BISBAS[001],integer,integer,integer,,,,
BISBAS[002],integer,integer,integer,,,,
BISBAS[003],integer,integer,integer,,,,
BISBAS[004],integer,integer,integer,,,,
BISBAS[005],integer,integer,integer,,,,
BISBAS[006],integer,integer,integer,,,,
BISBAS[007],integer,integer,integer,,,,
BISBAS[008],integer,integer,integer,,,,
BISBAS[009],integer,integer,integer,,,,
BISBAS[010],integer,integer,integer,,,,
BISBAS[011],integer,integer,integer,,,,
BISBAS[012],integer,integer,integer,,,,
BISBAS[013],integer,integer,integer,,,,
BISBAS[014],integer,integer,integer,,,,
BISBAS[015],integer,integer,integer,,,,
BISBAS[016],integer,integer,integer,,,,
BISBAS[017],integer,integer,integer,,,,
BISBAS[018],integer,integer,integer,,,,
BISBAS[019],integer,integer,integer,,,,
BISBAS[020],integer,integer,integer,,,,
BISBAS[021],integer,integer,integer,,,,
BISBAS[022],integer,integer,integer,,,,
BISBAS[023],integer,integer,integer,,,,
BISBAS[024],integer,integer,integer,,,,
BISBASp1[BISBASE001],integer,,,,integer,,
BISBASp1[BISBASE002],integer,,,,integer,,
BISBASp1[BISBASE003],integer,,,,integer,,
BISBASp1[BISBASE004],integer,,,,integer,,
BISBASp1[BISBASE005],integer,,,,integer,,
BISBASp2[BISBASE006],integer,,,,integer,,
BISBASp2[BISBASE007],integer,,,,integer,,
BISBASp2[BISBASE008],integer,,,,integer,,
BISBASp2[BISBASE009],integer,,,,integer,,
BISBASp2[BISBASE010],integer,,,,integer,,
BISBASp3[BISBASE011],integer,,,,integer,,
BISBASp3[BISBASE012],integer,,,,integer,,
BISBASp3[BISBASE013],integer,,,,integer,,
BISBASp3[BISBASE014],integer,,,,integer,,
BISBASp3[BISBASE015],integer,,,,integer,,
BISBASp4[BISBASE016],integer,,,,integer,,
BISBASp4[BISBASE017],integer,,,,integer,,
BISBASp4[BISBASE018],integer,,,,integer,,
BISBASp4[BISBASE019],integer,,,,integer,,
BISBASp4[BISBASE020],integer,,,,integer,,
CAPEdistr[002],integer,integer,integer,,,,
CAPEdistr[005],integer,integer,integer,,,,
CAPEdistr[006],integer,integer,integer,,,,
CAPEdistr[007],integer,integer,integer,,,,
CAPEdistr[010],integer,integer,integer,,,,
CAPEdistr[011],integer,integer,integer,,,,
CAPEdistr[013],integer,integer,integer,,,,
CAPEdistr[015],integer,integer,integer,,,,
CAPEdistr[017],integer,integer,integer,,,,
CAPEdistr[020],integer,integer,integer,,,,
CAPEdistr[022],integer,integer,integer,,,,
CAPEdistr[024],integer,integer,integer,,,,
CAPEdistr[026],integer,integer,integer,,,,
CAPEdistr[028],integer,integer,integer,,,,
CAPEdistr[030],integer,integer,integer,,,,
CAPEdistr[031],integer,integer,integer,,,,
CAPEdistr[033],integer,integer,integer,,,,
CAPEdistr[034],integer,integer,integer,,,,
CAPEdistr[041],integer,integer,integer,,,,
CAPEdistr[042],integer,integer,integer,,,,
CAPEfreq[002],integer,integer,integer,,,,
CAPEfreq[005],integer,integer,integer,,,,
CAPEfreq[006],integer,integer,integer,,,,
CAPEfreq[007],integer,integer,integer,,,,
CAPEfreq[010],integer,integer,integer,,,,
CAPEfreq[011],integer,integer,integer,,,,
CAPEfreq[013],integer,integer,integer,,,,
CAPEfreq[015],integer,integer,integer,,,,
CAPEfreq[017],integer,integer,integer,,,,
CAPEfreq[020],integer,integer,integer,,,,
CAPEfreq[022],integer,integer,integer,,,,
CAPEfreq[024],integer,integer,integer,,,,
CAPEfreq[026],integer,integer,integer,,,,
CAPEfreq[028],integer,integer,integer,,,,
CAPEfreq[030],integer,integer,integer,,,,
CAPEfreq[031],integer,integer,integer,,,,
CAPEfreq[033],integer,integer,integer,,,,
CAPEfreq[034],integer,integer,integer,,,,
CAPEfreq[041],integer,integer,integer,,,,
CAPEfreq[042],integer,integer,integer,,,,
CAPS[CAPS001],integer,,,integer,,,
CAPS[CAPS002],integer,,,integer,,,
CAPS[CAPS003],integer,,,integer,,,
CAPS[CAPS004],integer,,,integer,,,
CAPS[CAPS005],integer,,,integer,,,
CAPS[CAPS006],integer,,,integer,,,
CAPS[CAPS007],integer,,,integer,,,
CAPS[CAPS008],integer,,,integer,,,
CAPS[CAPS009],integer,,,integer,,,
CAPS[CAPS010],integer,,,integer,,,
CAPS[CAPS011],integer,,,integer,,,
CAPS[CAPS012],integer,,,integer,,,
CAPS[CAPS013],integer,,,integer,,,
CAPS[CAPS014],integer,,,integer,,,
CAPS[CAPS015],integer,,,integer,,,
CAPS[CAPS016],integer,,,integer,,,
CAPS[CAPS017],integer,,,integer,,,
CAPS[CAPS018],integer,,,integer,,,
CAPS[CAPS019],integer,,,integer,,,
CAPS[CAPS020],integer,,,integer,,,
CAPS[CAPS021],integer,,,integer,,,
CAPS[CAPS022],integer,,,integer,,,
CBCL100to107[CBCL100],integer,,,,integer,,
CBCL100to107[CBCL101],integer,,,,integer,,
CBCL100to107[CBCL102],integer,,,,integer,,
CBCL100to107[CBCL103],integer,,,,integer,,
CBCL100to107[CBCL104],integer,,,,integer,,
CBCL100to107[CBCL105],integer,,,,integer,,
CBCL100to107[CBCL106],integer,,,,integer,,
CBCL100to107[CBCL107],integer,,,,integer,,
CBCL108to112[CBCL108],integer,,,,integer,,
CBCL108to112[CBCL109],integer,,,,integer,,
CBCL108to112[CBCL110],integer,,,,integer,,
CBCL108to112[CBCL111],integer,,,,integer,,
CBCL108to112[CBCL112],integer,,,,integer,,
CBCL10to16[CBCL10],integer,,,,integer,,
CBCL10to16[CBCL11],integer,,,,integer,,
CBCL10to16[CBCL12],integer,,,,integer,,
CBCL10to16[CBCL13],integer,,,,integer,,
CBCL10to16[CBCL14],integer,,,,integer,,
CBCL10to16[CBCL15],integer,,,,integer,,
CBCL10to16[CBCL16],integer,,,,integer,,
CBCL113to119[CBCL113],integer,,,,integer,,
CBCL113to119[CBCL114],integer,,,,integer,,
CBCL113to119[CBCL115],integer,,,,integer,,
CBCL113to119[CBCL116],integer,,,,integer,,
CBCL113to119[CBCL117],integer,,,,integer,,
CBCL113to119[CBCL118],integer,,,,integer,,
CBCL113to119[CBCL119],integer,,,,integer,,
CBCL120x[CBCLa1],integer,,,,integer,,
CBCL120x[CBCLb1],integer,,,,integer,,
CBCL17to26[CBCL16],integer,,,,integer,,
CBCL17to26[CBCL17],integer,,,,integer,,
CBCL17to26[CBCL18],integer,,,,integer,,
CBCL17to26[CBCL19],integer,,,,integer,,
CBCL17to26[CBCL20],integer,,,,integer,,
CBCL17to26[CBCL21],integer,,,,integer,,
CBCL17to26[CBCL22],integer,,,,integer,,
CBCL17to26[CBCL23],integer,,,,integer,,
CBCL17to26[CBCL24],integer,,,,integer,,
CBCL17to26[CBCL25],integer,,,,integer,,
CBCL17to26[CBCL26],integer,,,,integer,,
CBCL1a1,integer,,,,integer,,
CBCL1a2,integer,,,,integer,,
CBCL1b1,integer,,,,integer,,
CBCL1b2,integer,,,,integer,,
CBCL1c1,integer,,,,integer,,
CBCL1c2,integer,,,,integer,,
CBCL27to36[CBCL27],integer,,,,integer,,
CBCL27to36[CBCL28],integer,,,,integer,,
CBCL27to36[CBCL29],integer,,,,integer,,
CBCL27to36[CBCL30],integer,,,,integer,,
CBCL27to36[CBCL31],integer,,,,integer,,
CBCL27to36[CBCL32],integer,,,,integer,,
CBCL27to36[CBCL33],integer,,,,integer,,
CBCL27to36[CBCL34],integer,,,,integer,,
CBCL27to36[CBCL35],integer,,,,integer,,
CBCL27to36[CBCL36],integer,,,,integer,,
CBCL2a1,integer,,,,integer,,
CBCL2a2,integer,,,,integer,,
CBCL2b1,integer,,,,integer,,
CBCL2b2,integer,,,,integer,,
CBCL2c1,integer,,,,integer,,
CBCL2c2,integer,,,,integer,,
CBCL37to47[CBCL37],integer,,,,integer,,
CBCL37to47[CBCL38],integer,,,,integer,,
CBCL37to47[CBCL39],integer,,,,integer,,
CBCL37to47[CBCL40],integer,,,,integer,,
CBCL37to47[CBCL41],integer,,,,integer,,
CBCL37to47[CBCL42],integer,,,,integer,,
CBCL37to47[CBCL43],integer,,,,integer,,
CBCL37to47[CBCL44],integer,,,,integer,,
CBCL37to47[CBCL45],integer,,,,integer,,
CBCL37to47[CBCL46],integer,,,,integer,,
CBCL37to47[CBCL47],integer,,,,integer,,
CBCL3a1,integer,,,,integer,,
CBCL3b1,integer,,,,integer,,
CBCL3c1,integer,,,,integer,,
CBCL48to53[CBCL48],integer,,,,integer,,
CBCL48to53[CBCL49],integer,,,,integer,,
CBCL48to53[CBCL50],integer,,,,integer,,
CBCL48to53[CBCL51],integer,,,,integer,,
CBCL48to53[CBCL52],integer,,,,integer,,
CBCL48to53[CBCL53],integer,,,,integer,,
CBCL4a1,integer,,,,integer,,
CBCL4b1,integer,,,,integer,,
CBCL4c1,integer,,,,integer,,
CBCL54to62[CBCL54],integer,,,,integer,,
CBCL54to62[CBCL55],integer,,,,integer,,
CBCL54to62[CBCL56],integer,,,,integer,,
CBCL54to62[CBCL57],integer,,,,integer,,
CBCL54to62[CBCL58],integer,,,,integer,,
CBCL54to62[CBCL59],integer,,,,integer,,
CBCL54to62[CBCL60],integer,,,,integer,,
CBCL54to62[CBCL61],integer,,,,integer,,
CBCL54to62[CBCL62],integer,,,,integer,,
CBCL5a,integer,,,,integer,,
CBCL5b,integer,,,,integer,,
CBCL63x[CBCL63a],integer,,,,integer,,
CBCL63x[CBCL63b],integer,,,,integer,,
CBCL63x[CBCL63c],integer,,,,integer,,
CBCL63x[CBCL63d],integer,,,,integer,,
CBCL63y[CBCL63e],integer,,,,integer,,
CBCL63y[CBCL63f],integer,,,,integer,,
CBCL63y[CBCL63g],integer,,,,integer,,
CBCL63y[CBCL63h],integer,,,,integer,,
CBCL64to65[CBCL64],integer,,,,integer,,
CBCL64to65[CBCL65],integer,,,,integer,,
CBCL66to73[CBCL66],integer,,,,integer,,
CBCL66to73[CBCL67],integer,,,,integer,,
CBCL66to73[CBCL68],integer,,,,integer,,
CBCL66to73[CBCL69],integer,,,,integer,,
CBCL66to73[CBCL70],integer,,,,integer,,
CBCL66to73[CBCL71],integer,,,,integer,,
CBCL66to73[CBCL72],integer,,,,integer,,
CBCL66to73[CBCL73],integer,,,,integer,,
CBCL6[CBCL6b],integer,,,,integer,,
CBCL6[CBCL6c],integer,,,,integer,,
CBCL6[CBCL6d],integer,,,,integer,,
CBCL6a,integer,,,,integer,,
CBCL74to77[CBCL74],integer,,,,integer,,
CBCL74to77[CBCL75],integer,,,,integer,,
CBCL74to77[CBCL76],integer,,,,integer,,
CBCL74to77[CBCL77],integer,,,,integer,,
CBCL78to80[CBCL78],integer,,,,integer,,
CBCL78to80[CBCL79],integer,,,,integer,,
CBCL78to80[CBCL80],integer,,,,integer,,
CBCL7ax[CBCL7a1],integer,,,,integer,,
CBCL7ax[CBCL7a2],integer,,,,integer,,
CBCL7ax[CBCL7a3],integer,,,,integer,,
CBCL7ax[CBCL7a4],integer,,,,integer,,
CBCL7az[CBCL7a5],integer,,,,integer,,
CBCL7az[CBCL7a6],integer,,,,integer,,
CBCL7az[CBCL7a7],integer,,,,integer,,
CBCL7b,integer,,,,integer,,
CBCL7c,integer,,,,integer,,
CBCL7d,integer,,,,integer,,
CBCL7d3,integer,,,,integer,,
CBCL7z,integer,,,,integer,,
CBCL81to84[CBCL81],integer,,,,integer,,
CBCL81to84[CBCL82],integer,,,,integer,,
CBCL81to84[CBCL83],integer,,,,integer,,
CBCL81to84[CBCL84],integer,,,,integer,,
CBCL85to86[CBCL85],integer,,,,integer,,
CBCL85to86[CBCL86],integer,,,,integer,,
CBCL87to90[CBCL87],integer,,,,integer,,
CBCL87to90[CBCL88],integer,,,,integer,,
CBCL87to90[CBCL89],integer,,,,integer,,
CBCL87to90[CBCL90],integer,,,,integer,,
CBCL8to9[CBCL8],integer,,,,integer,,
CBCL8to9[CBCL9],integer,,,,integer,,
CBCL91to92[CBCL91],integer,,,,integer,,
CBCL91to92[CBCL92],integer,,,,integer,,
CBCL93to99[CBCL93],integer,,,,integer,,
CBCL93to99[CBCL94],integer,,,,integer,,
CBCL93to99[CBCL95],integer,,,,integer,,
CBCL93to99[CBCL96],integer,,,,integer,,
CBCL93to99[CBCL97],integer,,,,integer,,
CBCL93to99[CBCL98],integer,,,,integer,,
CBCL93to99[CBCL99],integer,,,,integer,,
CBCLx,integer,,,,integer,,
CTQ[001],integer,integer,integer,,,,
CTQ[001][1],integer,,,integer,,,
CTQ[001][2],integer,,,integer,,,
CTQ[002],integer,integer,integer,,,,
CTQ[002][1],integer,,,integer,,,
CTQ[003],integer,integer,integer,,,,
CTQ[003][1],integer,,,integer,,,
CTQ[004],integer,integer,integer,,,,
CTQ[004][1],integer,,,integer,,,
CTQ[004][2],integer,,,integer,,,
CTQ[005],integer,integer,integer,,,,
CTQ[005][1],integer,,,integer,,,
CTQ[006],integer,integer,integer,,,,
CTQ[006][1],integer,,,integer,,,
CTQ[006][2],integer,,,integer,,,
CTQ[007],integer,integer,integer,,,,
CTQ[007][1],integer,,,integer,,,
CTQ[008],integer,integer,integer,,,,
CTQ[008][1],integer,,,integer,,,
CTQ[008][2],integer,,,integer,,,
CTQ[009],integer,integer,integer,,,,
CTQ[009][1],integer,,,integer,,,
CTQ[009][2],integer,,,integer,,,
CTQ[010],integer,integer,integer,,,,
CTQ[010][1],integer,,,integer,,,
CTQ[011],integer,integer,integer,,,,
CTQ[011][1],integer,,,integer,,,
CTQ[011][2],integer,,,integer,,,
CTQ[012],integer,integer,integer,,,,
CTQ[012][1],integer,,,integer,,,
CTQ[012][2],integer,,,integer,,,
CTQ[013],integer,integer,integer,,,,
CTQ[013][1],integer,,,integer,,,
CTQ[014],integer,integer,integer,,,,
CTQ[014][1],integer,,,integer,,,
CTQ[015],integer,integer,integer,,,,
CTQ[015][1],integer,,,integer,,,
CTQ[015][2],integer,,,integer,,,
CTQ[016],integer,integer,integer,,,,
CTQ[016][1],integer,,,integer,,,
CTQ[017],integer,integer,integer,,,,
CTQ[017][1],integer,,,integer,,,
CTQ[017][2],integer,,,integer,,,
CTQ[018],integer,integer,integer,,,,
CTQ[018][1],integer,,,integer,,,
CTQ[018][2],integer,,,integer,,,
CTQ[019],integer,integer,integer,,,,
CTQ[019][1],integer,,,integer,,,
CTQ[020],integer,integer,integer,,,,
CTQ[020][1],integer,,,integer,,,
CTQ[020][2],integer,,,integer,,,
CTQ[021],integer,integer,integer,,,,
CTQ[021][1],integer,,,integer,,,
CTQ[021][2],integer,,,integer,,,
CTQ[022],integer,integer,integer,,,,
CTQ[022][1],integer,,,integer,,,
CTQ[023],integer,integer,integer,,,,
CTQ[023][1],integer,,,integer,,,
CTQ[023][2],integer,,,integer,,,
CTQ[024],integer,integer,integer,,,,
CTQ[024][1],integer,,,integer,,,
CTQ[024][2],integer,,,integer,,,
CTQ[025],integer,integer,integer,,,,
CTQ[025][1],integer,,,integer,,,
CTQ[026],integer,integer,integer,,,,
CTQ[026][1],integer,,,integer,,,
CTQ[027],integer,integer,integer,,,,
CTQ[027][1],integer,,,integer,,,
CTQ[027][2],integer,,,integer,,,
CTQ[028],integer,integer,integer,,,,
CTQ[028][1],integer,,,integer,,,
CUS[CUS01],integer,,,,,integer,
CUS[CUS02],integer,,,,,integer,
CUS[CUS03],integer,,,,,integer,
CUS[CUS04],integer,,,,,integer,
CUS[CUS05],integer,,,,,integer,
CUS[CUS06],integer,,,,,integer,
CUS[CUS07],integer,,,,,integer,
Cann1,integer,integer,integer,integer,,,
Cann2,integer,integer,integer,integer,,,
Cann3,integer,integer,integer,empty,,,
DIKJ001,integer,,,integer,,,
DIKJ002,integer,,,integer,,,
DIKJ003,integer,,,integer,,,
DIKJ004,integer,,,integer,,,
DIKJ005,integer,,,integer,,,
DIKJ006,integer,,,integer,,,
DIKJ007,integer,,,integer,,,
DIKJ008,integer,,,integer,,,
DIKJ009,integer,,,integer,,,
DIKJ010,integer,,,integer,,,
DIKJ011,integer,,,integer,,,
DIKJ012,integer,,,integer,,,
DIKJ013,integer,,,integer,,,
DIKJ014,integer,,,integer,,,
DIKJ015,integer,,,integer,,,
DIKJ016,integer,,,integer,,,
DIKJ017,integer,,,integer,,,
DIKJ018,integer,,,integer,,,
DIKJ019,integer,,,integer,,,
DIKJ020,integer,,,integer,,,
DIKJ021,integer,,,integer,,,
DIKJ022,integer,,,integer,,,
DIKJ023,integer,,,integer,,,
DIKJ024,integer,,,integer,,,
DIKJ025,integer,,,integer,,,
DIKJ026,integer,,,integer,,,
DIKJ027,integer,,,integer,,,
DIKJ028,integer,,,integer,,,
DIKJ029,integer,,,integer,,,
EconomicStress3,integer,,,,integer,,
EconomicStress4,integer,,,,integer,,
EconomicStress5,integer,,,,integer,,
EconomicStress6,integer,,,,integer,,
EconomicStress7,integer,,,,integer,,
EconomicStress8,integer,,,,integer,,
F11,integer,,,,,,integer
FMPSD[01],integer,integer,,,,,
FMPSD[02],integer,integer,,,,,
FMPSD[03],integer,integer,,,,,
FMPSD[04],integer,integer,,,,,
FMPSD[05],integer,integer,,,,,
FMPSD[06],integer,integer,,,,,
FMPSD[07],integer,integer,,,,,
FMPSD[08],integer,integer,,,,,
FMPSD[09],integer,integer,,,,,
FMPSD[10],integer,integer,,,,,
FMPSD[11],integer,integer,,,,,
FMPSD[12],integer,integer,,,,,
FMPSD[13],integer,integer,,,,,
FMPSD[14],integer,integer,,,,,
FMPSD[15],integer,integer,,,,,
FMPSD[16],integer,integer,,,,,
FMPSD[17],integer,integer,,,,,
FMPSD[18],integer,integer,,,,,
FMPSD[19],integer,integer,,,,,
FMPSD[20],integer,integer,,,,,
FMPSD[21],integer,integer,,,,,
FMPSD[22],integer,integer,,,,,
FMPSD[23],integer,integer,,,,,
FMPSD[24],integer,integer,,,,,
FMPSD[25],integer,integer,,,,,
FMPSD[26],integer,integer,,,,,
FMPSD[27],integer,integer,,,,,
FMPSD[28],integer,integer,,,,,
FMPSD[29],integer,integer,,,,,
FMPSD[30],integer,integer,,,,,
FMPSD[31],integer,integer,,,,,
FMPSD[32],integer,integer,,,,,
FMPSD[33],integer,integer,,,,,
FMPSD[34],integer,integer,,,,,
FMPSD[35],integer,integer,,,,,
GradeChild,integer,,,,integer,,
Hal1,integer,integer,integer,integer,,,
Hal2,integer,integer,integer,empty,,,
Hal3,integer,integer,empty,empty,,,
Hearing,integer,,,,integer,,
Height,integer,,,,integer,,
HouseChild14Num,integer,,,,integer,,
HouseMove,integer,,,,integer,,
HousePersonNum,integer,,,,integer,,
IDAS[001],integer,integer,integer,,,,
IDAS[002],integer,integer,integer,,,,
IDAS[003],integer,integer,integer,,,,
IDAS[004],integer,integer,integer,,,,
IDAS[005],integer,integer,integer,,,,
IDAS[006],integer,integer,integer,,,,
IDAS[007],integer,integer,integer,,,,
IDAS[008],integer,integer,integer,,,,
IDAS[009],integer,integer,integer,,,,
IDAS[010],integer,integer,integer,,,,
IDAS[011],integer,integer,integer,,,,
IDAS[012],integer,integer,integer,,,,
IDAS[013],integer,integer,integer,,,,
IDAS[014],integer,integer,integer,,,,
IDAS[015],integer,integer,integer,,,,
IDAS[016],integer,integer,integer,,,,
IDAS[017],integer,integer,integer,,,,
IDAS[018],integer,integer,integer,,,,
IDAS[019],integer,integer,integer,,,,
IDAS[020],integer,integer,integer,,,,
IDAS[021],integer,integer,integer,,,,
IDAS[022],integer,integer,integer,,,,
IDAS[023],integer,integer,integer,,,,
IDAS[024],integer,integer,integer,,,,
IDAS[025],integer,integer,integer,,,,
IDAS[026],integer,integer,integer,,,,
IDAS[027],integer,integer,integer,,,,
IDAS[028],integer,integer,integer,,,,
IDAS[029],integer,integer,integer,,,,
IDAS[030],integer,integer,integer,,,,
IDAS[031],integer,integer,integer,,,,
IDAS[032],integer,integer,integer,,,,
IDAS[033],integer,integer,integer,,,,
IDAS[034],integer,integer,integer,,,,
IDAS[035],integer,integer,integer,,,,
IDAS[036],integer,integer,integer,,,,
IDAS[037],integer,integer,integer,,,,
IDAS[038],integer,integer,integer,,,,
IDAS[039],integer,integer,integer,,,,
IDAS[040],integer,integer,integer,,,,
IDAS[041],integer,integer,integer,,,,
IDAS[042],integer,integer,integer,,,,
IDAS[043],integer,integer,integer,,,,
IDAS[044],integer,integer,integer,,,,
IDAS[045],integer,integer,integer,,,,
IDAS[046],integer,integer,integer,,,,
IDAS[047],integer,integer,integer,,,,
IDAS[048],integer,integer,integer,,,,
IDAS[049],integer,integer,integer,,,,
IDAS[050],integer,integer,integer,,,,
IDAS[051],integer,integer,integer,,,,
IDAS[052],integer,integer,integer,,,,
IDAS[053],integer,integer,integer,,,,
IDAS[054],integer,integer,integer,,,,
IDAS[055],integer,integer,integer,,,,
IDAS[056],integer,integer,integer,,,,
IDAS[057],integer,integer,integer,,,,
IDAS[058],integer,integer,integer,,,,
IDAS[059],integer,integer,integer,,,,
IDAS[060],integer,integer,integer,,,,
IDAS[061],integer,integer,integer,,,,
IDAS[062],integer,integer,integer,,,,
IDAS[063],integer,integer,integer,,,,
IDAS[064],integer,integer,integer,,,,
IDAS[065],integer,integer,integer,,,,
IDAS[066],integer,integer,integer,,,,
IDAS[067],integer,integer,integer,,,,
IDAS[068],integer,integer,integer,,,,
IDAS[069],integer,integer,integer,,,,
IDAS[070],integer,integer,integer,,,,
IDAS[071],integer,integer,integer,,,,
IDAS[072],integer,integer,integer,,,,
IDAS[073],integer,integer,integer,,,,
IDAS[074],integer,integer,integer,,,,
IDAS[075],integer,integer,integer,,,,
IDAS[076],integer,integer,integer,,,,
IDAS[077],integer,integer,integer,,,,
IDAS[078],integer,integer,integer,,,,
IDAS[079],integer,integer,integer,,,,
IDAS[080],integer,integer,integer,,,,
IDAS[081],integer,integer,integer,,,,
IDAS[082],integer,integer,integer,,,,
IDAS[083],integer,integer,integer,,,,
IDAS[084],integer,integer,integer,,,,
IDAS[085],integer,integer,integer,,,,
IDAS[086],integer,integer,integer,,,,
IDAS[087],integer,integer,integer,,,,
IDAS[088],integer,integer,integer,,,,
IDAS[089],integer,integer,integer,,,,
IDAS[090],integer,integer,integer,,,,
IDAS[091],integer,integer,integer,,,,
IDAS[092],integer,integer,integer,,,,
IDAS[093],integer,integer,integer,,,,
IDAS[094],integer,integer,integer,,,,
IDAS[095],integer,integer,integer,,,,
IDAS[096],integer,integer,integer,,,,
IDAS[097],integer,integer,integer,,,,
IDAS[098],integer,integer,integer,,,,
IUSE[001],integer,,,integer,,,
IUSE[002],integer,,,integer,,,
IUSE[003],integer,,,integer,,,
IUSE[004],integer,,,integer,,,
IUSE[005],integer,,,integer,,,
IUSE[006],integer,,,integer,,,
IUSE[007],integer,,,integer,,,
IUSE[008],integer,,,integer,,,
IUSE[009],integer,,,integer,,,
IUSE[010],integer,,,integer,,,
IUSE[011],integer,,,integer,,,
IUSE[012],integer,,,integer,,,
IUSE[013],integer,,,integer,,,
IUSE[014],integer,,,integer,,,
IUSE[015],integer,,,integer,,,
IUSE[016],integer,,,integer,,,
IUSE[017],integer,,,integer,,,
IUSE[018],integer,,,integer,,,
IUSE[019],integer,,,integer,,,
IUSE[020],integer,,,integer,,,
IUSE[021],integer,,,integer,,,
IUSE[022],integer,,,integer,,,
IUSE[023],integer,,,integer,,,
IUSE[024],integer,,,integer,,,
IUSE[025],integer,,,integer,,,
IUSE[026],integer,,,integer,,,
IUSE[027],integer,,,integer,,,
IUSK[001],integer,,,integer,,,
IUSK[002],integer,,,integer,,,
IUSK[003],integer,,,integer,,,
IUSK[004],integer,,,integer,,,
IUSK[005],integer,,,integer,,,
IUSK[006],integer,,,integer,,,
IUSK[007],integer,,,integer,,,
IUSK[008],integer,,,integer,,,
IUSK[009],integer,,,integer,,,
IUSK[010],integer,,,integer,,,
IUSK[011],integer,,,integer,,,
IUSK[012],integer,,,integer,,,
IUSK[013],integer,,,integer,,,
IUSK[014],integer,,,integer,,,
IUSK[015],integer,,,integer,,,
IUSK[016],integer,,,integer,,,
IUSK[017],integer,,,integer,,,
IUSK[018],integer,,,integer,,,
IUSK[019],integer,,,integer,,,
IUSK[020],integer,,,integer,,,
IUSK[021],integer,,,integer,,,
IUSK[022],integer,,,integer,,,
IUSK[023],integer,,,integer,,,
IUSK[024],integer,,,integer,,,
IUSK[025],integer,,,integer,,,
IUSK[026],integer,,,integer,,,
IUSK[027],integer,,,integer,,,
IUS[001],integer,integer,integer,,,,
IUS[002],integer,integer,integer,,,,
IUS[003],integer,integer,integer,,,,
IUS[004],integer,integer,integer,,,,
IUS[005],integer,integer,integer,,,,
IUS[006],integer,integer,integer,,,,
IUS[007],integer,integer,integer,,,,
IUS[008],integer,integer,integer,,,,
IUS[009],integer,integer,integer,,,,
IUS[010],integer,integer,integer,,,,
IUS[011],integer,integer,integer,,,,
IUS[012],integer,integer,integer,,,,
IUS[013],integer,integer,integer,,,,
IUS[014],integer,integer,integer,,,,
IUS[015],integer,integer,integer,,,,
IUS[016],integer,integer,integer,,,,
IUS[017],integer,integer,integer,,,,
IUS[018],integer,integer,integer,,,,
IUS[019],integer,integer,integer,,,,
IUS[020],integer,integer,integer,,,,
IUS[021],integer,integer,integer,,,,
IUS[022],integer,integer,integer,,,,
IUS[023],integer,integer,integer,,,,
IUS[024],integer,integer,integer,,,,
IUS[025],integer,integer,integer,,,,
IUS[026],integer,integer,integer,,,,
IUS[027],integer,integer,integer,,,,
IUSp1[IUSE001],integer,,,,integer,,
IUSp1[IUSE002],integer,,,,integer,,
IUSp1[IUSE003],integer,,,,integer,,
IUSp1[IUSE004],integer,,,,integer,,
IUSp1[IUSE005],integer,,,,integer,,
IUSp2[IUSE006],integer,,,,integer,,
IUSp2[IUSE007],integer,,,,integer,,
IUSp2[IUSE008],integer,,,,integer,,
IUSp2[IUSE009],integer,,,,integer,,
IUSp2[IUSE010],integer,,,,integer,,
IUSp3[IUSE011],integer,,,,integer,,
IUSp3[IUSE012],integer,,,,integer,,
IUSp3[IUSE013],integer,,,,integer,,
IUSp3[IUSE014],integer,,,,integer,,
IUSp3[IUSE015],integer,,,,integer,,
IUSp4[IUSE016],integer,,,,integer,,
IUSp4[IUSE017],integer,,,,integer,,
IUSp4[IUSE018],integer,,,,integer,,
IUSp4[IUSE019],integer,,,,integer,,
IUSp4[IUSE020],integer,,,,integer,,
IUSp5[IUSE021],integer,,,,integer,,
IUSp5[IUSE022],integer,,,,integer,,
IUSp5[IUSE023],integer,,,,integer,,
IUSp5[IUSE024],integer,,,,integer,,
IUSp5[IUSE025],integer,,,,integer,,
IUSp5[IUSE026],integer,,,,integer,,
IUSp5[IUSE027],integer,,,,integer,,
Inh1,integer,integer,integer,integer,,,
Inh2,integer,integer,integer,empty,,,
Inh3,integer,integer,integer,empty,,,
K101,integer,integer,,,,,
K102,integer,integer,,,,,
K103,integer,integer,,,,,
K104,integer,integer,,,,,
K105,integer,integer,,,,,
K201,integer,integer,,,,,
K202,integer,integer,,,,,
K203,integer,integer,,,,,
K204,integer,integer,,,,,
K205,integer,integer,,,,,
K301,integer,integer,,,,,
K302,integer,integer,,,,,
K303,integer,integer,,,,,
K304,integer,integer,,,,,
K305,integer,integer,,,,,
K401,integer,integer,,,,,
K402,integer,integer,,,,,
K403,integer,integer,,,,,
K404,integer,integer,,,,,
K405,integer,integer,,,,,
K501,integer,integer,,,,,
K502,integer,integer,,,,,
K503,integer,integer,,,,,
K504,integer,integer,,,,,
K505,integer,integer,,,,,
KASI[001],integer,,,integer,,,
KASI[002],integer,,,integer,,,
KASI[003],integer,,,integer,,,
KASI[004],integer,,,integer,,,
KASI[005],integer,,,integer,,,
KASI[006],integer,,,integer,,,
KASI[007],integer,,,integer,,,
KASI[008],integer,,,integer,,,
KASI[009],integer,,,integer,,,
KASI[010],integer,,,integer,,,
KASI[011],integer,,,integer,,,
KASI[012],integer,,,integer,,,
KASI[013],integer,,,integer,,,
KASI[014],integer,,,integer,,,
KASI[015],integer,,,integer,,,
KASI[016],integer,,,integer,,,
KASI[017],integer,,,integer,,,
MAP1,integer,integer,integer,,,,
MAP2,integer,integer,integer,,,,
MAP3,integer,integer,integer,,,,
MAP4,integer,integer,integer,,,,
MAP5,integer,integer,integer,,,,
MAP6,integer,integer,integer,,,,
MAPA2[007],integer,integer,integer,,,,
MAPA2[008],integer,integer,integer,,,,
MAPA2[009],integer,integer,integer,,,,
MAPA3effort[011],integer,integer,integer,,,,
MAPA3effort[013],integer,integer,integer,,,,
MAPA3effort[015],integer,integer,integer,,,,
MAPA3motivation[010],integer,integer,integer,,,,
MAPA3motivation[012],integer,integer,integer,,,,
MAPA3motivation[014],integer,integer,integer,,,,
MCQ[01],integer,integer,,,,,
MCQ[02],integer,integer,,,,,
MCQ[03],integer,integer,,,,,
MCQ[04],integer,integer,,,,,
MCQ[05],integer,integer,,,,,
MCQ[06],integer,integer,,,,,
MCQ[07],integer,integer,,,,,
MCQ[08],integer,integer,,,,,
MCQ[09],integer,integer,,,,,
MCQ[10],integer,integer,,,,,
MCQ[11],integer,integer,,,,,
MCQ[12],integer,integer,,,,,
MCQ[13],integer,integer,,,,,
MCQ[14],integer,integer,,,,,
MCQ[15],integer,integer,,,,,
MCQ[16],integer,integer,,,,,
MCQ[17],integer,integer,,,,,
MCQ[18],integer,integer,,,,,
MCQ[19],integer,integer,,,,,
MCQ[20],integer,integer,,,,,
MCQ[21],integer,integer,,,,,
MCQ[22],integer,integer,,,,,
MCQ[23],integer,integer,,,,,
MCQ[24],integer,integer,,,,,
MCQ[25],integer,integer,,,,,
MCQ[26],integer,integer,,,,,
MCQ[27],integer,integer,,,,,
MCQ[28],integer,integer,,,,,
MCQ[29],integer,integer,,,,,
MCQ[30],integer,integer,,,,,
MCQ[31],integer,integer,,,,,
MCQ[32],integer,integer,,,,,
MCQ[33],integer,integer,,,,,
MCQ[34],integer,integer,,,,,
MCQ[35],integer,integer,,,,,
MCQ[36],integer,integer,,,,,
MCQ[37],integer,integer,,,,,
MCQ[38],integer,integer,,,,,
MCQ[39],integer,integer,,,,,
MCQ[40],integer,integer,,,,,
MCQ[41],integer,integer,,,,,
MCQ[42],integer,integer,,,,,
MCQ[43],integer,integer,,,,,
MCQ[44],integer,integer,,,,,
MCQ[45],integer,integer,,,,,
MCQ[46],integer,integer,,,,,
MCQ[47],integer,integer,,,,,
MCQ[48],integer,integer,,,,,
MCQ[49],integer,integer,,,,,
MCQ[50],integer,integer,,,,,
MCQ[51],integer,integer,,,,,
MCQ[52],integer,integer,,,,,
MCQ[53],integer,integer,,,,,
MCQ[54],integer,integer,,,,,
MCQ[55],integer,integer,,,,,
MCQ[56],integer,integer,,,,,
MCQ[57],integer,integer,,,,,
MCQ[58],integer,integer,,,,,
MCQ[59],integer,integer,,,,,
MCQ[60],integer,integer,,,,,
MCQ[61],integer,integer,,,,,
MCQ[62],integer,integer,,,,,
MCQ[63],integer,integer,,,,,
MCQ[64],integer,integer,,,,,
MCQ[65],integer,integer,,,,,
Med1,integer,integer,integer,integer,,,
Med2,integer,integer,integer,empty,,,
Med3,integer,integer,integer,empty,,,
Medication,integer,,,,integer,,
OBQ[01],integer,integer,,,,,
OBQ[02],integer,integer,,,,,
OBQ[03],integer,integer,,,,,
OBQ[04],integer,integer,,,,,
OBQ[05],integer,integer,,,,,
OBQ[06],integer,integer,,,,,
OBQ[07],integer,integer,,,,,
OBQ[08],integer,integer,,,,,
OBQ[09],integer,integer,,,,,
OBQ[10],integer,integer,,,,,
OBQ[11],integer,integer,,,,,
OBQ[12],integer,integer,,,,,
OBQ[13],integer,integer,,,,,
OBQ[14],integer,integer,,,,,
OBQ[15],integer,integer,,,,,
OBQ[16],integer,integer,,,,,
OBQ[17],integer,integer,,,,,
OBQ[18],integer,integer,,,,,
OBQ[19],integer,integer,,,,,
OBQ[20],integer,integer,,,,,
OBQ[21],integer,integer,,,,,
OBQ[22],integer,integer,,,,,
OBQ[23],integer,integer,,,,,
OBQ[24],integer,integer,,,,,
OCIR[01],integer,integer,,,,,
OCIR[02],integer,integer,,,,,
OCIR[03],integer,integer,,,,,
OCIR[04],integer,integer,,,,,
OCIR[05],integer,integer,,,,,
OCIR[06],integer,integer,,,,,
OCIR[07],integer,integer,,,,,
OCIR[08],integer,integer,,,,,
OCIR[09],integer,integer,,,,,
OCIR[10],integer,integer,,,,,
OCIR[11],integer,integer,,,,,
OCIR[12],integer,integer,,,,,
OCIR[13],integer,integer,,,,,
OCIR[14],integer,integer,,,,,
OCIR[15],integer,integer,,,,,
OCIR[16],integer,integer,,,,,
OCIR[17],integer,integer,,,,,
OCIR[18],integer,integer,,,,,
Opi1,integer,integer,integer,integer,,,
Opi2,integer,integer,integer,empty,,,
Opi3,integer,integer,empty,empty,,,
PDS0,integer,,,integer,,,
PDS1,integer,,,integer,,,
PDS2,integer,,,integer,,,
PDS3,integer,,,integer,,,
PDS4,integer,,,integer,,,
PDS5,integer,,,integer,,,
PDS6,integer,,,integer,,,
PIPR[01],integer,integer,,,,,
PIPR[02],integer,integer,,,,,
PIPR[03],integer,integer,,,,,
PIPR[04],integer,integer,,,,,
PIPR[05],integer,integer,,,,,
PIPR[06],integer,integer,,,,,
PIPR[07],integer,integer,,,,,
PIPR[08],integer,integer,,,,,
PIPR[09],integer,integer,,,,,
PIPR[10],integer,integer,,,,,
PIPR[11],integer,integer,,,,,
PIPR[12],integer,integer,,,,,
PIPR[13],integer,integer,,,,,
PIPR[14],integer,integer,,,,,
PIPR[15],integer,integer,,,,,
PIPR[16],integer,integer,,,,,
PIPR[17],integer,integer,,,,,
PIPR[18],integer,integer,,,,,
PIPR[19],integer,integer,,,,,
PIPR[20],integer,integer,,,,,
PIPR[21],integer,integer,,,,,
PIPR[22],integer,integer,,,,,
PIPR[23],integer,integer,,,,,
PIPR[24],integer,integer,,,,,
PSCE[001],integer,,,integer,,,
PSCE[002],integer,,,integer,,,
PSCE[003],integer,,,integer,,,
PSCE[004],integer,,,integer,,,
PSCE[005],integer,,,integer,,,
PSCE[006],integer,,,integer,,,
PSCE[007],integer,,,integer,,,
PSCE[008],integer,,,integer,,,
PSCE[009],integer,,,integer,,,
PSCE[010],integer,,,integer,,,
PSCE[011],integer,,,integer,,,
PSCE[012],integer,,,integer,,,
PSCE[013],integer,,,integer,,,
PSCE[014],integer,,,integer,,,
PSCE[015],integer,,,integer,,,
PSCE[016],integer,,,integer,,,
PSCE[017],integer,,,integer,,,
PSCK[001],integer,,,integer,,,
PSCK[002],integer,,,integer,,,
PSCK[003],integer,,,integer,,,
PSCK[004],integer,,,integer,,,
PSCK[005],integer,,,integer,,,
PSCK[006],integer,,,integer,,,
PSCK[007],integer,,,integer,,,
PSCK[008],integer,,,integer,,,
PSCK[009],integer,,,integer,,,
PSCK[010],integer,,,integer,,,
PSCK[011],integer,,,integer,,,
PSCK[012],integer,,,integer,,,
PSCK[013],integer,,,integer,,,
PSCK[014],integer,,,integer,,,
PSCK[015],integer,,,integer,,,
PSCK[016],integer,,,integer,,,
PSCK[017],integer,,,integer,,,
PeSSKi[001],integer,,,integer,,,
PeSSKi[002],integer,,,integer,,,
PeSSKi[003],integer,,,integer,,,
PeSSKi[004],integer,,,integer,,,
PeSSKi[005],integer,,,integer,,,
PeSSKi[006],integer,,,integer,,,
PeSSKi[007],integer,,,integer,,,
PeSSKi[008],integer,,,integer,,,
PeSSKi[009],integer,,,integer,,,
PeSSKi[010],integer,,,integer,,,
PsychParents,integer,,,,integer,,
PsychSiblings,integer,,,,integer,,
SCASD[001],integer,,,integer,,,
SCASD[002],integer,,,integer,,,
SCASD[003],integer,,,integer,,,
SCASD[004],integer,,,integer,,,
SCASD[005],integer,,,integer,,,
SCASD[006],integer,,,integer,,,
SCASD[007],integer,,,integer,,,
SCASD[008],integer,,,integer,,,
SCASD[009],integer,,,integer,,,
SCASD[010],integer,,,integer,,,
SCASD[011],integer,,,integer,,,
SCASD[012],integer,,,integer,,,
SCASD[013],integer,,,integer,,,
SCASD[014],integer,,,integer,,,
SCASD[015],integer,,,integer,,,
SCASD[016],integer,,,integer,,,
SCASD[017],integer,,,integer,,,
SCASD[018],integer,,,integer,,,
SCASD[019],integer,,,integer,,,
SCASD[020],integer,,,integer,,,
SCASD[021],integer,,,integer,,,
SCASD[022],integer,,,integer,,,
SCASD[023],integer,,,integer,,,
SCASD[024],integer,,,integer,,,
SCASD[025],integer,,,integer,,,
SCASD[026],integer,,,integer,,,
SCASD[027],integer,,,integer,,,
SCASD[028],integer,,,integer,,,
SCASD[029],integer,,,integer,,,
SCASD[030],integer,,,integer,,,
SCASD[031],integer,,,integer,,,
SCASD[032],integer,,,integer,,,
SCASD[033],integer,,,integer,,,
SCASD[034],integer,,,integer,,,
SCASD[035],integer,,,integer,,,
SCASD[036],integer,,,integer,,,
SCASD[037],integer,,,integer,,,
SCASD[038],integer,,,integer,,,
SCASS[001],integer,,,integer,,,
SCASS[002],integer,,,integer,,,
SCASS[003],integer,,,integer,,,
SCASS[004],integer,,,integer,,,
SCASS[005],integer,,,integer,,,
SCASS[006],integer,,,integer,,,
SCASS[007],integer,,,integer,,,
SCASS[008],integer,,,integer,,,
SCASS[009],integer,,,integer,,,
SCASS[010],integer,,,integer,,,
SCASS[011],integer,,,integer,,,
SCASS[012],integer,,,integer,,,
SCASS[013],integer,,,integer,,,
SCASS[014],integer,,,integer,,,
SCASS[015],integer,,,integer,,,
SCASS[016],integer,,,integer,,,
SCASS[017],integer,,,integer,,,
SCASS[018],integer,,,integer,,,
SCASS[019],integer,,,integer,,,
STRAINp1[STRAIN001],integer,,,,integer,,
STRAINp1[STRAIN002],integer,,,,integer,,
STRAINp1[STRAIN003],integer,,,,integer,,
STRAINp1[STRAIN004],integer,,,,integer,,
STRAINp1[STRAIN005],integer,,,,integer,,
STRAINp2[STRAIN006],integer,,,,integer,,
STRAINp2[STRAIN007],integer,,,,integer,,
STRAINp2[STRAIN008],integer,,,,integer,,
STRAINp2[STRAIN009],integer,,,,integer,,
STRAINp2[STRAIN010],integer,,,,integer,,
STRAINp2[STRAIN011],integer,,,,integer,,
SUQgeneral,integer,,,integer,,,
SchoolChange,integer,,,,integer,,
SchoolChangemid,integer,,,,integer,,
SchoolChangemidNr,integer,,,,integer,,
Stim1,integer,integer,integer,integer,,,
Stim2,integer,integer,integer,empty,,,
Stim3,integer,integer,integer,empty,,,
TICS[025],integer,integer,integer,,,,
TICS[029],integer,integer,integer,,,,
TICS[037],integer,integer,integer,,,,
TICS[040],integer,integer,integer,,,,
TICS[045],integer,integer,integer,,,,
TICS[046],integer,integer,integer,,,,
TICS[054],integer,integer,integer,,,,
TICS[055],integer,integer,integer,,,,
TICS[057],integer,integer,integer,,,,
Tab1,integer,integer,integer,integer,,,
Tab2,integer,integer,integer,integer,,,
Tab3,integer,integer,integer,integer,,,
VPCode,integer,,,,integer,integer,
Vision,integer,,,,integer,,
Weight,integer,,,,integer,,
agoraconfidence[parent1],integer,integer,empty,,,,
agoraconfidence[parent2],integer,integer,integer,,,,
agoraconfidence[self],integer,integer,integer,,,,
agoraconfidence[sibling1],integer,integer,empty,,,,
agoraconfidence[sibling2],integer,integer,empty,,,,
childpsychdisorder,integer,,,integer,,,
childpsychprevalent[ADHS][1],integer,,,integer,,,
childpsychprevalent[ADHS][2],integer,,,integer,,,
childpsychprevalent[Anx][1],integer,,,integer,,,
childpsychprevalent[Anx][2],integer,,,integer,,,
childpsychprevalent[OCD][1],integer,,,integer,,,
childpsychprevalent[OCD][2],integer,,,integer,,,
children,integer,integer,integer,,,,
childrencontact[001],integer,integer,empty,,,,
childrencontact[002],integer,integer,empty,,,,
childrencontact[003],integer,integer,empty,,,,
childrengender[001],integer,integer,empty,,,,
childrengender[002],integer,integer,empty,,,,
childrengender[003],integer,integer,empty,,,,
consent,integer,integer,empty,integer,,,
depressionconfidence[child1],integer,integer,empty,,,,
depressionconfidence[child2],integer,integer,empty,,,,
depressionconfidence[parent1],integer,integer,integer,,,,
depressionconfidence[parent2],integer,integer,integer,,,,
depressionconfidence[self],integer,integer,integer,,,,
depressionconfidence[sibling1],integer,integer,integer,,,,
depressionconfidence[sibling2],integer,integer,integer,,,,
depressionconfidence[sibling3],integer,integer,empty,,,,
depressionconfidence[sibling4],integer,integer,empty,,,,
depressionconfidence[sibling5],integer,integer,empty,,,,
depressionconfidence[sibling6],integer,integer,empty,,,,
edconfidence[child1],integer,integer,empty,,,,
edconfidence[parent1],integer,integer,integer,,,,
edconfidence[parent2],integer,integer,integer,,,,
edconfidence[self],integer,integer,integer,,,,
edconfidence[sibling1],integer,integer,integer,,,,
edconfidence[sibling2],integer,integer,integer,,,,
edconfidence[sibling3],integer,integer,empty,,,,
edconfidence[sibling5],integer,integer,empty,,,,
edconfidence[sibling6],integer,integer,empty,,,,
education,integer,integer,integer,integer,,,
eyesight,integer,integer,integer,integer,,,
gasconfidence[child2],integer,integer,empty,,,,
gasconfidence[parent1],integer,integer,integer,,,,
gasconfidence[parent2],integer,integer,integer,,,,
gasconfidence[self],integer,integer,integer,,,,
gasconfidence[sibling1],integer,integer,empty,,,,
gasconfidence[sibling2],integer,integer,empty,,,,
gender,integer,integer,integer,integer,,,
grade,integer,,integer,integer,,,
graduation,integer,,integer,,,,
hearing,integer,integer,integer,integer,,,
height,integer,integer,integer,integer,,,
id,integer,integer,integer,integer,integer,integer,integer
lastpage,integer,integer,integer,integer,integer,integer,integer
maniaconfidence[child1],integer,integer,empty,,,,
maniaconfidence[parent1],integer,integer,integer,,,,
maniaconfidence[parent2],integer,integer,integer,,,,
maniaconfidence[self],integer,integer,integer,,,,
maniaconfidence[sibling1],integer,integer,integer,,,,
maniaconfidence[sibling2],integer,empty,integer,,,,
maniaconfidence[sibling3],integer,integer,integer,,,,
maritalstat,integer,integer,integer,,,,
ocdconfidence[parent1],integer,integer,integer,,,,
ocdconfidence[parent2],integer,integer,integer,,,,
ocdconfidence[self],integer,integer,integer,,,,
ocdconfidence[sibling1],integer,integer,empty,,,,
ocdconfidence[sibling2],integer,integer,empty,,,,
ocdconfidence[sibling3],integer,integer,empty,,,,
ocdconfidence[sibling9],integer,integer,empty,,,,
othermedication,integer,integer,integer,integer,,,
ownpsychdisorder,integer,integer,integer,,,,
ownpsychprevalent[Anx][1],integer,integer,integer,,,,
ownpsychprevalent[Anx][2],integer,integer,integer,,,,
ownpsychprevalent[Bipolar][1],integer,integer,empty,,,,
ownpsychprevalent[Bipolar][2],integer,integer,empty,,,,
ownpsychprevalent[ED][1],integer,integer,integer,,,,
ownpsychprevalent[ED][2],integer,integer,integer,,,,
ownpsychprevalent[MDE][1],integer,integer,integer,,,,
ownpsychprevalent[MDE][2],integer,integer,integer,,,,
ownpsychprevalent[OCD][1],integer,integer,empty,,,,
ownpsychprevalent[OCD][2],integer,integer,empty,,,,
ownpsychprevalent[Psy][1],integer,integer,empty,,,,
ownpsychprevalent[Psy][2],integer,integer,empty,,,,
ownpsychprevalent[SUD][1],integer,integer,empty,,,,
ownpsychprevalent[SUD][2],integer,integer,empty,,,,
ownpsychprevalent[idk][1],integer,integer,integer,,,,
ownpsychprevalent[idk][2],integer,integer,integer,,,,
ownpsychprevalent[other][1],integer,integer,integer,,,,
ownpsychprevalent[other][2],integer,integer,integer,,,,
panicconfidence[parent1],integer,integer,integer,,,,
panicconfidence[parent2],integer,integer,integer,,,,
panicconfidence[self],integer,integer,integer,,,,
panicconfidence[sibling1],integer,integer,integer,,,,
panicconfidence[sibling2],integer,integer,integer,,,,
panicconfidence[sibling5],integer,integer,empty,,,,
panicconfidence[sibling6],integer,integer,empty,,,,
parentscontact[001],integer,integer,integer,,,,
parentscontact[002],integer,integer,integer,,,,
parentsgender[001],integer,integer,integer,,,,
parentsgender[002],integer,integer,integer,,,,
parentspsychdisorder,integer,,,integer,,,
phobiaconfidence[child1],integer,integer,empty,,,,
phobiaconfidence[child2],integer,integer,empty,,,,
phobiaconfidence[parent1],integer,integer,integer,,,,
phobiaconfidence[parent2],integer,integer,integer,,,,
phobiaconfidence[self],integer,integer,integer,,,,
phobiaconfidence[sibling1],integer,integer,integer,,,,
phobiaconfidence[sibling2],integer,integer,integer,,,,
phobiaconfidence[sibling4],integer,integer,integer,,,,
phobiaconfidence[sibling6],integer,integer,empty,,,,
project,integer,integer,integer,integer,,,integer
psychomedication,integer,integer,integer,integer,,,
psyconfidence[parent1],integer,integer,empty,,,,
psyconfidence[parent2],integer,integer,empty,,,,
psyconfidence[self],integer,integer,integer,,,,
psyconfidence[sibling1],integer,integer,empty,,,,
psyconfidence[sibling2],integer,integer,empty,,,,
school,integer,,integer,integer,,,
seed,integer,integer,integer,integer,integer,integer,integer
sepanxconfidence[child1],integer,integer,empty,,,,
sepanxconfidence[child2],integer,integer,empty,,,,
sepanxconfidence[child3],integer,integer,empty,,,,
sepanxconfidence[parent1],integer,integer,integer,,,,
sepanxconfidence[parent2],integer,integer,integer,,,,
sepanxconfidence[self],integer,integer,integer,,,,
sepanxconfidence[sibling1],integer,integer,integer,,,,
sepanxconfidence[sibling2],integer,integer,integer,,,,
sepanxconfidence[sibling3],integer,integer,integer,,,,
sepanxconfidence[sibling9],integer,integer,empty,,,,
siblingpsychdisorder,integer,,,integer,,,
siblings,integer,integer,integer,,,,
siblingscontact[001],integer,integer,integer,,,,
siblingscontact[002],integer,integer,integer,,,,
siblingscontact[003],integer,integer,integer,,,,
siblingscontact[004],integer,integer,integer,,,,
siblingscontact[005],integer,integer,empty,,,,
siblingscontact[006],integer,integer,empty,,,,
siblingscontact[007],integer,integer,empty,,,,
siblingscontact[008],integer,integer,empty,,,,
siblingscontact[009],integer,integer,empty,,,,
siblingsgender[001],integer,integer,integer,,,,
siblingsgender[002],integer,integer,integer,,,,
siblingsgender[003],integer,integer,integer,,,,
siblingsgender[004],integer,integer,integer,,,,
siblingsgender[005],integer,integer,empty,,,,
siblingsgender[006],integer,integer,empty,,,,
siblingsgender[007],integer,integer,empty,,,,
siblingsgender[008],integer,integer,empty,,,,
siblingsgender[009],integer,integer,empty,,,,
socialanxconfidence[child1],integer,integer,empty,,,,
socialanxconfidence[child2],integer,integer,empty,,,,
socialanxconfidence[parent1],integer,integer,integer,,,,
socialanxconfidence[parent2],integer,integer,empty,,,,
socialanxconfidence[self],integer,integer,integer,,,,
socialanxconfidence[sibling1],integer,integer,integer,,,,
socialanxconfidence[sibling2],integer,integer,integer,,,,
socialanxconfidence[sibling3],integer,integer,empty,,,,
socialanxconfidence[sibling4],integer,integer,empty,,,,
sudconfidence[parent1],integer,integer,integer,,,,
sudconfidence[parent2],integer,integer,integer,,,,
sudconfidence[self],integer,integer,empty,,,,
sudconfidence[sibling1],integer,integer,integer,,,,
sudconfidence[sibling2],integer,integer,empty,,,,
sudconfidence[sibling3],integer,integer,empty,,,,
sudconfidence[sibling4],integer,integer,empty,,,,
vpid,integer,integer,integer,integer,,,integer
weight,integer,integer,integer,integer,,,
BDI016,string,,,string,,,
BDI018,string,,,string,,,
CBCL107a,string,,,,string,,
CBCL120[CBCL120a],string,,,,string,,
CBCL120[CBCL120b],string,,,,string,,
CBCL16a,string,,,,string,,
CBCL1[CBCL1a],string,,,,string,,
CBCL1[CBCL1b],string,,,,string,,
CBCL1[CBCL1c],string,,,,string,,
CBCL2[CBCL2a],string,,,,string,,
CBCL2[CBCL2b],string,,,,string,,
CBCL2[CBCL2c],string,,,,string,,
CBCL36a,string,,,,string,,
CBCL3[CBCL3a],string,,,,string,,
CBCL3[CBCL3b],string,,,,string,,
CBCL3[CBCL3c],string,,,,string,,
CBCL47a,string,,,,string,,
CBCL4[CBCL4a],string,,,,string,,
CBCL4[CBCL4b],string,,,,string,,
CBCL4[CBCL4c],string,,,,string,,
CBCL53a,string,,,,string,,
CBCL63d1,string,,,,string,,
CBCL63h1,string,,,,string,,
CBCL65a,string,,,,string,,
CBCL73a,string,,,,string,,
CBCL77a,string,,,,string,,
CBCL7ay[CBCL7ae],string,,,,string,,
CBCL7ay[CBCL7af],string,,,,string,,
CBCL7ay[CBCL7ag],string,,,,string,,
CBCL7b1,string,,,,string,,
CBCL7c1,string,,,,string,,
CBCL7d1,string,,,,string,,
CBCL7d2,string,,,,string,,
CBCL7d3a,string,,,,string,,
CBCL7x1,string,,,,string,,
CBCL80a,string,,,,string,,
CBCL84a,string,,,,string,,
CBCL86a,string,,,,string,,
CBCL90a,string,,,,string,,
CBCL92a,string,,,,string,,
CBCL99a,string,,,,string,,
CBCLy,string,,,,string,,
CBCLz,string,,,,string,,
CHAOS[CHAO1],string,,,,string,,
CHAOS[CHAO2],string,,,,string,,
CHAOS[CHAO3],string,,,,string,,
CHAOS[CHAO4],string,,,,string,,
CHAOS[CHAO5],string,,,,string,,
CHAOS[CHAO6],string,,,,string,,
CTQ[002][2],string,,,string,,,
CTQ[003][2],string,,,string,,,
CTQ[005][2],string,,,string,,,
CTQ[007][2],string,,,string,,,
CTQ[010][2],string,,,string,,,
CTQ[013][2],string,,,string,,,
CTQ[014][2],string,,,string,,,
CTQ[016][2],string,,,string,,,
CTQ[019][2],string,,,string,,,
CTQ[022][2],string,,,string,,,
CTQ[025][2],string,,,string,,,
CTQ[026][2],string,,,string,,,
CTQ[028][2],string,,,string,,,
EconomicStress1,string,,,,string,,
EconomicStress2,string,,,,string,,
EduParent1,string,,,,string,,
EduParent2,string,,,,string,,
FHSOpenText,string,string,string,,,,
FillerRelation,string,,,,string,,
GenderChild,string,,,,string,,
HighEduParent1,string,,,,string,,
HighEduParent2,string,,,,string,,
Income,string,,,,string,,
MaritalStatus,string,,,,string,,
MaritalStatusOther,string,,,,string,,
MedicationS,string,,,,string,,
OccupationParents[OccupationParent1],string,,,,string,,
OccupationParents[OccupationParent2],string,,,,string,,
PsychParentsS,string,,,,string,,
PsychSiblingsS,string,,,,string,,
SchoolGraduation,string,,,,string,,
URLCognAdols,string,,,,,,string
URLCognAdults,string,,,,,,string
URLCognChild,string,,,,,,string
URLQuestAdols,string,,,,,,string
URLQuestAdults,string,,,,,,string
URLQuestChild,string,,,,,,string
URLQuestParent,string,,,,,,string
agora1[0],string,string,string,,,,
agora1[parent1],string,string,empty,,,,
agora1[parent2],string,string,string,,,,
agora1[self],string,string,string,,,,
agora1[sibling1],string,string,empty,,,,
agora1[sibling2],string,string,empty,,,,
childpsychdiagn[ADHS],string,,,string,,,
childpsychdiagn[Anx],string,,,string,,,
childpsychdiagn[OCD],string,,,string,,,
childrennames[001],string,string,empty,,,,
childrennames[002],string,string,empty,,,,
childrennames[003],string,string,empty,,,,
comp,string,string,string,string,,,
components,string,,,,,,string
datacollection,string,,,,,,string
depression1[0],string,string,string,,,,
depression1[child1],string,string,empty,,,,
depression1[child2],string,string,empty,,,,
depression1[parent1],string,string,string,,,,
depression1[parent2],string,string,string,,,,
depression1[self],string,string,string,,,,
depression1[sibling1],string,string,string,,,,
depression1[sibling2],string,string,string,,,,
depression1[sibling3],string,string,empty,,,,
depression1[sibling4],string,string,empty,,,,
depression1[sibling5],string,string,empty,,,,
depression1[sibling6],string,string,empty,,,,
ed1[0],string,string,string,,,,
ed1[child1],string,string,empty,,,,
ed1[parent1],string,string,string,,,,
ed1[parent2],string,string,string,,,,
ed1[self],string,string,string,,,,
ed1[sibling1],string,string,string,,,,
ed1[sibling2],string,string,string,,,,
ed1[sibling3],string,string,empty,,,,
ed1[sibling5],string,string,empty,,,,
ed1[sibling6],string,string,empty,,,,
education[other],string,string,string,string,,,
form,string,,,string,,,
gas1[0],string,string,string,,,,
gas1[child2],string,string,empty,,,,
gas1[parent1],string,string,string,,,,
gas1[parent2],string,string,string,,,,
gas1[self],string,string,string,,,,
gas1[sibling1],string,string,empty,,,,
gas1[sibling2],string,string,empty,,,,
gender[other],string,string,empty,empty,,,
graduation[other],string,,string,,,,
job[0],string,string,empty,,,,
job[10],string,string,empty,,,,
job[1],string,string,string,,,,
job[2],string,string,empty,,,,
job[3],string,string,string,,,,
job[4],string,string,empty,,,,
job[5],string,string,string,,,,
job[6],string,string,empty,,,,
job[7],string,string,empty,,,,
job[8],string,string,empty,,,,
job[9],string,string,empty,,,,
job[other],string,string,empty,,,,
mania1[0],string,string,string,,,,
mania1[child1],string,string,empty,,,,
mania1[parent1],string,string,string,,,,
mania1[parent2],string,string,string,,,,
mania1[self],string,string,string,,,,
mania1[sibling1],string,string,string,,,,
mania1[sibling3],string,string,string,,,,
ocd1[0],string,string,string,,,,
ocd1[parent1],string,string,string,,,,
ocd1[parent2],string,string,string,,,,
ocd1[self],string,string,string,,,,
ocd1[sibling1],string,string,empty,,,,
ocd1[sibling2],string,string,empty,,,,
ocd1[sibling3],string,string,empty,,,,
ocd1[sibling9],string,string,empty,,,,
otherdrug,string,string,string,string,,,
ownpsychdiagn[Anx],string,string,string,,,,
ownpsychdiagn[Bipolar],string,string,empty,,,,
ownpsychdiagn[ED],string,string,string,,,,
ownpsychdiagn[MDE],string,string,string,,,,
ownpsychdiagn[OCD],string,string,empty,,,,
ownpsychdiagn[Psy],string,string,empty,,,,
ownpsychdiagn[SUD],string,string,empty,,,,
ownpsychdiagn[idk],string,string,string,,,,
ownpsychdiagn[other],string,string,string,,,,
panic1[0],string,string,string,,,,
panic1[parent1],string,string,string,,,,
panic1[parent2],string,string,string,,,,
panic1[self],string,string,string,,,,
panic1[sibling1],string,string,string,,,,
panic1[sibling2],string,string,string,,,,
panic1[sibling5],string,string,empty,,,,
panic1[sibling6],string,string,empty,,,,
parents[001],string,string,string,,,,
parents[002],string,string,string,,,,
parentspsychdiagn[Anx],string,,,string,,,
parentspsychdiagn[ED],string,,,string,,,
parentspsychdiagn[MDE],string,,,string,,,
parentspsychdiagn[OCD],string,,,string,,,
parentspsychdiagn[other],string,,,string,,,
phobia1[0],string,string,string,,,,
phobia1[child1],string,string,empty,,,,
phobia1[child2],string,string,empty,,,,
phobia1[parent1],string,string,string,,,,
phobia1[parent2],string,string,string,,,,
phobia1[self],string,string,string,,,,
phobia1[sibling1],string,string,string,,,,
phobia1[sibling2],string,string,string,,,,
phobia1[sibling4],string,string,string,,,,
phobia1[sibling6],string,string,empty,,,,
psy1[0],string,string,string,,,,
psy1[parent1],string,string,empty,,,,
psy1[parent2],string,string,empty,,,,
psy1[self],string,string,string,,,,
psy1[sibling1],string,string,empty,,,,
psy1[sibling2],string,string,empty,,,,
psychodrug,string,string,string,empty,,,
refurl,string,string,string,string,,,string
sample,string,,,,,,string
school[other],string,,string,empty,,,
sepanx1[0],string,string,string,,,,
sepanx1[child1],string,string,empty,,,,
sepanx1[child2],string,string,empty,,,,
sepanx1[child3],string,string,empty,,,,
sepanx1[parent1],string,string,string,,,,
sepanx1[parent2],string,string,string,,,,
sepanx1[self],string,string,string,,,,
sepanx1[sibling1],string,string,string,,,,
sepanx1[sibling2],string,string,string,,,,
sepanx1[sibling3],string,string,string,,,,
sepanx1[sibling9],string,string,empty,,,,
siblingpsychdiagn[ED],string,,,string,,,
siblingpsychdiagn[MDE],string,,,string,,,
siblingpsychdiagn[PD],string,,,string,,,
siblingsnames[001],string,string,string,,,,
siblingsnames[002],string,string,string,,,,
siblingsnames[003],string,string,string,,,,
siblingsnames[004],string,string,string,,,,
siblingsnames[005],string,string,empty,,,,
siblingsnames[006],string,string,empty,,,,
siblingsnames[007],string,string,empty,,,,
siblingsnames[008],string,string,empty,,,,
siblingsnames[009],string,string,empty,,,,
socialanx1[0],string,string,string,,,,
socialanx1[child1],string,string,empty,,,,
socialanx1[child2],string,string,empty,,,,
socialanx1[parent1],string,string,string,,,,
socialanx1[parent2],string,string,empty,,,,
socialanx1[self],string,string,string,,,,
socialanx1[sibling1],string,string,string,,,,
socialanx1[sibling2],string,string,string,,,,
socialanx1[sibling3],string,string,empty,,,,
socialanx1[sibling4],string,string,empty,,,,
startlanguage,string,string,string,string,string,string,string
sud1[0],string,string,string,,,,
sud1[parent1],string,string,string,,,,
sud1[parent2],string,string,string,,,,
sud1[self],string,string,empty,,,,
sud1[sibling1],string,string,string,,,,
sud1[sibling2],string,string,empty,,,,
sud1[sibling3],string,string,empty,,,,
sud1[sibling4],string,string,empty,,,,
